id,SFA,lib,EAN,qty,Factory Price,Group Price,RETAIL,RETAIL_US
918,Creoles,"LARA AR - PRESTA JAMES Argent doré ",3666023008545,4,"22,33",67,180,270
1313,Collier,"KIM black Argent doré or fin ",3666023012252,1,36,108,295,420
1723,Bague,"COEUR SIMPLE Argent doré or fin 51",3666023016281,1,"7,06",50,120,200
1724,Bague,"COEUR SIMPLE Argent doré or fin 53",3666023016298,1,"7,06",50,120,200
1729,Bague,"HEARTIE Diamant 51",3666023016335,1,"20,20",62,170,240
1730,Bague,"HEARTIE Diamant 53",3666023016342,1,"20,20",62,170,240
1744,Bague,"GITANE rubis turquoise diam 51",3666023016489,1,"28,63",94,255,370
1745,Bague,"GITANE rubis turquoise diam 53",3666023016496,1,"28,63",94,255,370
1754,Bague,"KRISS Turquoise 51",3666023016588,1,"36,19",120,325,470
2093,"Boucles d'oreilles","WILMA  diam on GS ",3666023019961,1,"35,00",150,405,590
2507,Emballage,"Sac Shopper Small Noir-Black ",3666023023999,-1,"0,82",0,0,0
2713,Emballage,"BOITE SMALL black gold-black gold ",3666023025931,-19,"0,46",1,3,10
2714,Emballage,"BOITE LARGE black gold-black gold ",3666023025948,7,"0,80",0,0,0
2767,Collier,"JIM turquoise ",3666023026471,1,"26,88",85,230,330
2812,Bague,"EDNA Quartz rutile 55",3666023026921,1,"33,21",105,285,410
3117,Collier,"MAYOU TURQ. or 14K turquoise ",3666023029670,1,"55,80",155,420,600
3205,Emballage,"BOITE MEDIUM black gold-black gold ",3666023030331,-23,"0,57",2,5,10
3316,Creoles,"HOBI Argent Oxydé - Or 14k - Diamant ",3666023031321,2,"123,05",370,995,1440
3596,"Boucles d'oreilles","WYLL or 14K diamant ",3666023033844,1,"69,96",235,630,920
3791,Bague,"JAY XL Or 14k 51",3666023035688,1,"97,48",293,790,1140
3792,Bague,"JAY XL Or 14k 53",3666023035695,3,"97,48",293,790,1140
3793,Bague,"JAY XL Or 14k 55",3666023035701,1,"97,48",293,790,1140
3794,Bracelet,"BYRON Or 14k - Diamant ",3666023035718,1,"410,39",1328,3590,5180
3796,Collier,"DALE Topaze ",3666023035732,1,"195,92",752,2030,2930
3822,Bague,"BETA Argent doré or fin 51",3666023035978,1,"54,36",164,440,640
3823,Bague,"BETA Argent doré or fin 53",3666023035985,2,"54,36",164,440,640
3824,Bague,"BETA Argent doré or fin 55",3666023035992,1,"54,36",164,440,640
3826,Bague,"BETA Burnt Grey 53",3666023036012,1,"54,36",164,440,640
3844,"Boucles d'oreilles","OTIS Or 14k - saphir ",3666023036197,1,"51,89",157,425,610
4092,"Boucles d'oreilles","DYE 2 Argent doré or fin ",3666023038610,2,"22,11",72,190,280
4093,"Boucles d'oreilles","DYE 2 Burnt Grey ",3666023038627,1,"22,11",72,190,280
4241,"Boucles d'oreilles","KAD D. Argent Oxydé - Or 14k - Diamant ",3666023040019,1,"160,78",355,960,1380
4341,"Boucles d'oreilles","BUMA LAPIS Lapis lazuli ",3666023040835,1,"36,76",116,310,450
4420,Collier,"KAORU 2 Vermeil - Or 14k - multi ",3666023041559,1,"54,70",197,530,770
4422,Collier,"JOJO Argent Oxydé - Or 14k - Diamant ",3666023041573,1,"164,69",485,1310,1890
4475,Collier,"MINI LOOP Pierre de Lune ",3666023042075,1,"13,81",45,120,180
4728,Bague,"VICTORIA XL  Argent Oxydé - Or 14k 51",3666023044536,1,"262,14",715,1930,2790
4729,Bague,"VICTORIA XL  Argent Oxydé - Or 14k 53",3666023044543,2,"262,14",715,1930,2790
4730,Bague,"VICTORIA XL  Argent Oxydé - Or 14k 55",3666023044550,1,"262,14",715,1930,2790
4865,"Boucles d'oreilles","FIVE SPI Or 14k ",3666023045830,1,"164,66",660,1780,2570
4867,Collier,"ARETHA Argent Oxydé - Or 14k - Diamant ",3666023045854,2,"453,35",1585,4280,6180
4868,Collier,"ANGIE blue Or 14k ",3666023045861,1,"349,07",995,2690,3880
4878,Collier,"SUZAN L Argent doré or fin ",3666023045960,1,"44,12",145,390,570
5147,Collier,"ANGIE WHITE Or 14k ",3666023048626,1,"354,70",1015,2740,3960
5181,Bague,"DOUBLE EMER N°2 2,4CT T53 Or 14k ",3666023048923,1,"248,43",935,2520,3650
5366,Bague,"CIT RING Argent doré or fin 51",3666023050728,1,"41,53",110,300,430
5367,Bague,"CIT RING Argent doré or fin 53",3666023050735,1,"41,53",110,300,430
5368,Bague,"CIT RING Argent doré or fin 55",3666023050742,1,"41,53",110,300,430
5416,Bague,"WHITE AQUA RING Or 14k 55",3666023051138,1,"240,27",841,2270,3280
5422,Bague,"RUBY n°2 Or 14k ",3666023051190,1,"241,99",845,2280,3300
5676,"Boucles d'oreilles","JAKIE emer Or 14k - emerald ",3666023053644,1,"126,41",435,1170,1700
5750,"Boucles d'oreilles","JAKIE D. Or 14k - Diamant ",3666023054344,1,"159,12",480,1300,1870
5774,"Boucles d'oreilles","MALO short  Or 14k - emerald ",3666023054535,1,"242,56",810,2190,3160
5805,Collier,"MALO  Or 14k - emerald ",3666023054825,1,"152,31",380,1030,1480
5813,Collier,"MAXY D Argent doré ",3666023054900,1,"39,09",115,310,450
5871,"Boucles d'oreilles","MALO long Argent Oxydé - Or 14k ",3666023055471,1,"344,45",1165,3150,4540
5927,"Boucle d'oreille","SCOTT blue (ONE)* Or 14k ",3666023055976,1,"157,62",375,1010,1460
5928,"Boucle d'oreille","SCOTT WHITE (ONE)* Or 14k ",3666023055983,1,"163,07",460,1240,1790
5932,Collier,"SCOTTY WHITE * Or 14k - saphir ",3666023056010,1,"163,99",480,1300,1870
5961,Bague,"MALO  Or 14k - emerald 51",3666023056256,1,"173,58",660,1780,2570
5962,Bague,"MALO  Or 14k - emerald 53",3666023056263,2,"173,58",660,1780,2570
5963,Bague,"MALO  Or 14k - emerald 55",3666023056270,1,"173,58",660,1780,2570
6148,Collier,"MALLORY  Or 14k - Tourmaline ",3666023057970,1,"135,32",640,1730,2500
6149,"Boucles d'oreilles","JOJO  Argent Oxydé - Or 14k - Diamant ",3666023057987,1,"323,23",775,2090,3030
6326,"Boucles d'oreilles","NOLAN Or 14k ",3666023059592,1,"139,32",298,805,1160
6343,Bracelet,"GIL Argent doré or fin ",3666023059745,1,"31,72",56,155,220
6411,Bague,"PHILO Argent doré or fin 51",3666023060369,1,"49,03",148,400,580
6412,Bague,"PHILO Argent doré or fin 53",3666023060376,2,"49,03",148,400,580
6413,Bague,"PHILO Argent doré or fin 55",3666023060383,1,"49,03",148,400,580
6422,"Boucles d'oreilles","ENZO Argent doré or fin ",3666023060475,1,"50,33",180,490,700
6426,Collier,"EMILIO Argent doré or fin ",3666023060512,1,"28,06",99,270,390
6428,Bague,"PETER Argent doré or fin 53",3666023060536,1,"66,30",200,540,780
6429,Bague,"PETER Argent doré or fin 55",3666023060543,1,"66,30",200,540,780
6480,Bague,"LEO Or 14k - Diamant 51",3666023061045,1,"207,17",403,1090,1570
6481,Bague,"LEO Or 14k - Diamant 53",3666023061052,1,"207,17",403,1090,1570
6482,Bague,"LEO Or 14k - Diamant 55",3666023061069,1,"207,17",403,1090,1570
6489,Collier,"JUDD Edition Limitée Argent doré or ",3666023061137,1,"67,41",250,670,975
6511,"Boucle d'oreille","SCOTT pink * Or 14k ",3666023061342,1,"116,36",390,1050,1520
6557,Collier,"JON Argent doré or fin ",3666023061809,1,"65,26",200,540,780
6560,"Boucles d'oreilles","ROY Argent doré or fin ",3666023061830,1,"51,83",170,460,670
6565,Bague,"JED Argent doré or fin 51",3666023061878,1,"25,16",80,220,310
6566,Bague,"JED Argent doré or fin 53",3666023061885,1,"25,16",80,220,310
6567,Bague,"JED Argent doré or fin 55",3666023061892,1,"25,16",80,220,310
6571,Bague,"CORY Or 14k - aigue marine 51",3666023061939,1,"142,94",250,680,980
6572,Bague,"CORY Or 14k - aigue marine 53",3666023061946,1,"142,94",250,680,980
6573,Bague,"CORY Or 14k - aigue marine 55",3666023061953,1,"142,94",250,680,980
6581,Collier,"KERRY Or 14k ",3666023062035,1,"80,03",255,690,1000
6582,Collier,"SIMON Or 14k - Diamant ",3666023062042,1,"114,63",505,1360,1970
6583,Collier,"VIC Or 14k - citrine ",3666023062059,1,"224,78",625,1690,2440
6584,Collier,"IAN Argent doré ",3666023062066,1,"33,05",110,300,430
6618,Bracelet,"JANICE Argent doré or fin ",3666023062400,2,"35,19",95,260,370
6632,Bracelet,"CADET Argent doré ",3666023062547,1,"52,77",204,550,800
6653,Bracelet,"GAIL jaspe Argent doré or fin ",3666023062752,1,"71,62",220,590,860
6654,Collier,"HAWK jaspe Argent doré or ",3666023062769,1,"66,93",200,540,780
6688,Bague,"AZUR n°3 T57 Argent Oxydé - Or 14k - Diamant ",3666023063094,1,"328,56",985,2660,3850
6689,Bague,"ANN (T55) Argent Oxydé - Or 14k - Diamant ",3666023063100,1,"343,09",1030,2780,4310
6698,Bracelet,"GAIL turquoise Argent doré or fin ",3666023063193,1,"74,62",219,590,860
6699,Collier,"HAWK turquoise Argent doré or ",3666023063209,1,"69,89",200,540,780
6821,"Boucles d'oreilles","FLORA AQUA long  Or 14k - saphir ",3666023064398,1,"258,55",660,1780,2570
6825,"Boucles d'oreilles","PAOLA 33 Or 14k ",3666023064435,1,"254,92",730,1970,2850
6828,Collier,"FLORA MORGA Or 14k - Morganite ",3666023064466,1,"82,84",235,630,920
6830,Collier,"FLORA BLUE Or 14k - saphir ",3666023064480,1,"86,37",260,700,1010
6855,"Boucles d'oreilles","26F Or 14k ",3666023064718,2,"123,65",435,1170,1700
6878,"Boucles d'oreilles","FLORA MORGA Or 14k - Morganite ",3666023064947,1,"122,89",330,890,1290
6879,"Boucles d'oreilles","FLORA BLUE Or 14k - saphir ",3666023064954,1,"140,90",390,1050,1520
6887,Bracelet,"ELLIE D. Or 14k - Diamant ",3666023065036,1,"330,24",890,2400,3470
6893,"Boucles d'oreilles","ARY Argent doré or fin ",3666023065098,1,"45,45",140,380,550
6895,Bague,"JAKIE RING  Or 14k - Diamant 51",3666023065111,1,"182,73",595,1610,2320
6896,Bague,"JAKIE RING  Or 14k - Diamant 53",3666023065128,1,"182,73",595,1610,2320
6897,Bague,"JAKIE RING  Or 14k - Diamant 55",3666023065135,1,"182,73",595,1610,2320
6898,Bague,"BAND Or 14k - Diamant 51",3666023065142,1,"288,17",840,2270,3280
6899,Bague,"BAND Or 14k - Diamant 53",3666023065159,1,"288,17",840,2270,3280
6900,Bague,"BAND Or 14k - Diamant 55",3666023065166,1,"288,17",840,2270,3280
6906,Bague,"EKI GOLD Or 14k 51",3666023065227,1,"145,10",350,790,1370
6907,Bague,"EKI GOLD Or 14k 53",3666023065234,1,"145,10",350,790,1370
6908,Bague,"EKI GOLD Or 14k 55",3666023065241,1,"145,10",350,790,1370
7013,"Boucles d'oreilles","TRILO* Or 14k - citrine ",3666023066279,2,"45,72",140,380,550
7014,Collier,"BLONDIE* Or 14k - citrine ",3666023066286,1,"74,00",192,520,750
7015,"Boucles d'oreilles","BLONDIE **  Or 14k - citrine ",3666023066293,1,"97,03",260,700,1010
7017,Collier,"SILOE* Or 14k - Diamant ",3666023066316,1,"155,73",410,1110,1600
7021,"Boucles d'oreilles","101M Or 14k ",3666023066354,1,"154,37",550,1490,2150
7045,Bague,"ANJO G. Diamant 51",3666023066590,1,"145,42",460,1240,1790
7046,Bague,"ANJO G. Diamant 53",3666023066606,1,"145,42",460,1240,1790
7047,Bague,"ANJO G. Diamant 55",3666023066613,1,"145,42",460,1240,1790
7048,"Boucles d'oreilles","JAKIE LONG Or 14k ",3666023066620,1,"232,28",665,1800,2590
7077,Bracelet,"DANY GS Argent doré or ",3666023066897,1,"127,46",385,1040,1500
7079,Collier,"SHELL KAMI Or 14k ",3666023066910,1,"78,55",240,650,940
7082,Collier,"ERISA BAMBOU Or 14k pink yellow sapphire ",3666023066941,1,"66,21",180,490,700
7083,Collier,"ERISA BAMBOU Or 14k sapphire multico ",3666023066958,1,"66,21",180,490,700
7100,Collier,"SHELL IZUMI 4 Or 14k ",3666023067122,1,"112,65",335,900,1310
7113,Bague,"GWEN PINK*  pink sapphire 51",3666023067238,1,"28,81",95,260,370
7114,Bague,"GWEN PINK*  pink sapphire 53",3666023067245,1,"28,81",95,260,370
7115,Bague,"GWEN PINK*  pink sapphire 55",3666023067252,1,"28,81",95,260,370
7119,"Boucles d'oreilles","LIAM* Argent doré or ",3666023067290,2,"56,73",155,420,600
7120,Collier,"JEF* diam on BS ",3666023067306,1,"32,29",96,260,370
7122,Collier,"JEF* diam on GS ",3666023067320,1,"32,29",96,260,370
7127,Bague,"ELIJAH Black* diam on BS 51",3666023067351,2,"39,86",115,310,450
7128,Bague,"ELIJAH Black* diam on BS 53",3666023067368,1,"39,86",115,310,450
7129,Bague,"ELIJAH Black* diam on BS 55",3666023067375,1,"39,86",115,310,450
7131,Bague,"ELIJAH Gold*  diam on GS 51",3666023067382,1,"39,86",115,310,450
7132,Bague,"ELIJAH Gold*  diam on GS 53",3666023067399,1,"39,86",115,310,450
7133,Bague,"ELIJAH Gold*  diam on GS 55",3666023067405,1,"39,86",115,310,450
7138,"Boucles d'oreilles","BEA 3 DOT* Argent doré ",3666023067450,2,"22,34",70,190,270
7140,"Boucles d'oreilles","BEA 3XL* Argent doré ",3666023067474,1,"39,46",120,320,470
7142,Bracelet,"JANE M DOT* Argent doré ",3666023067498,1,"39,05",105,280,410
7143,Bracelet,"JANE L DOT* Argent doré ",3666023067504,1,"37,93",105,280,410
7146,Collier,"JANIE L DOT* Argent doré ",3666023067535,1,"79,40",235,630,920
7151,"Boucles d'oreilles","Jenna Black* diam on BS ",3666023067580,2,"111,47",300,810,1170
7152,"Boucles d'oreilles","Jenna Gold*  diam on GS ",3666023067597,1,"111,47",300,810,1170
7156,Bague,"WILD Black* diam on BS 51",3666023067627,1,"30,78",90,240,350
7157,Bague,"WILD Black* diam on BS 53",3666023067634,1,"30,78",90,240,350
7158,Bague,"WILD Black* diam on BS 55",3666023067641,1,"30,78",90,240,350
7160,Bague,"WILD Gold* diam on GS 51",3666023067658,1,"28,13",90,240,350
7161,Bague,"WILD Gold* diam on GS 53",3666023067665,1,"28,13",90,240,350
7162,Bague,"WILD Gold* diam on GS 55",3666023067672,1,"28,13",90,240,350
7169,Bracelet,"EARLY* Argent doré or fin ",3666023067740,1,"140,40",440,1190,1720
7176,Bracelet,"MAE D* Diamant ",3666023067788,1,"177,12",480,1300,1870
7177,Bracelet,"MAE T* Turquoise ",3666023067795,1,"187,48",405,1090,1580
7178,"Boucles d'oreilles","LIBY T* Turquoise ",3666023067801,2,"32,10",95,260,370
7182,Bracelet,"Gege D* Diamant ",3666023067849,1,"33,96",92,250,360
7184,Bracelet,"FUNK T* Turquoise ",3666023067863,1,"52,75",160,430,620
7185,"Boucles d'oreilles","TINY D* Diamant ",3666023067870,2,"35,04",95,260,370
7187,Collier,"MIMI* Argent doré or fin ",3666023067894,2,"30,37",90,240,350
7188,Collier,"MANU* D Diamant ",3666023067900,1,"33,03",90,240,350
7189,Collier,"MANU* T Turquoise ",3666023067917,1,"29,45",90,240,350
7190,Collier,"CHANCE* Diamant ",3666023067924,2,"84,75",265,720,1030
7191,"Boucles d'oreilles","LOOK* diam on BS ",3666023067931,1,"32,69",105,280,410
7192,Bracelet,"Gege T*  Turquoise ",3666023067948,1,"29,10",92,250,360
7193,"Boucles d'oreilles","PILLI 3* diam on BS ",3666023067955,1,"38,57",130,350,510
7194,"Boucles d'oreilles","PILLI 3* diam on GS ",3666023067962,2,"38,57",130,350,510
7195,"Boucles d'oreilles","CROSS T* Turquoise ",3666023067979,1,"29,75",90,240,350
7196,"Boucles d'oreilles","CROSS D* diam on BS ",3666023067986,2,"33,28",100,270,390
7197,"Boucles d'oreilles","LAKE D* Argent doré or fin ",3666023067993,1,"111,73",325,880,1270
7198,"Boucles d'oreilles","LAKE T* Argent doré or fin ",3666023068006,1,"103,63",300,810,1170
7199,Collier,"Mini pho X* diam on BS ",3666023068013,2,"22,61",75,200,290
7200,Collier,"Mini pho eye* diam on BS ",3666023068020,1,"22,93",75,200,290
7201,Collier,"Mini pho X* T Turquoise ",3666023068037,1,"22,61",75,200,290
7202,Collier,"ARNO small GS* Argent doré or fin ",3666023068044,1,"28,16",85,230,330
7203,Collier,"ARNO small BS* Argent doré or fin ",3666023068051,1,"28,76",85,230,330
7204,Collier,"ARNO Large GS* Argent doré or fin ",3666023068068,2,"61,10",185,495,720
7205,Collier,"ARNO Large BS* Argent doré or fin ",3666023068075,1,"60,19",185,495,720
7212,Bague,"MARILOU black* diam on BS 51",3666023068143,1,"58,56",190,510,740
7213,Bague,"MARILOU black* diam on BS 53",3666023068150,1,"58,56",190,510,740
7214,Bague,"MARILOU black* diam on BS 55",3666023068167,1,"58,56",190,510,740
7215,Bague,"MARILOU gold* diam on GS 51",3666023068174,1,"58,56",190,510,740
7216,Bague,"MARILOU gold* diam on GS 53",3666023068181,1,"58,56",190,510,740
7217,Bague,"MARILOU gold* diam on GS 55",3666023068198,1,"58,56",190,510,740
7224,Bague,"COME Black*  diam on BS 53",3666023068242,1,"41,62",135,360,530
7225,Bague,"COME Black*  diam on BS 55",3666023068259,1,"41,62",135,360,530
7227,Collier,"MINI LOVE* Argent Oxydé - Or 14k - Diamant ",3666023068273,1,"305,54",740,2000,2890
7228,Collier,"LOVE* Argent Oxydé - Or 14k - Diamant ",3666023068280,1,"589,78",1530,4130,5970
7229,"Boucles d'oreilles","FINN EME* Or 14k - emerald ",3666023068297,2,"138,21",440,1190,1720
7230,"Boucles d'oreilles","FINN GARNET* Or 14k - garnet ",3666023068303,1,"143,65",410,1110,1600
7243,Bague,"AILE **  Argent Oxydé - Or 14k - Diamant 51",3666023068396,1,"122,17",365,990,1420
7244,Bague,"AILE **  Argent Oxydé - Or 14k - Diamant 53",3666023068402,1,"122,17",365,990,1420
7245,Bague,"AILE **  Argent Oxydé - Or 14k - Diamant 55",3666023068419,1,"122,17",365,990,1420
7249,Collier,"GARY* Argent Oxydé - Or 14k ",3666023068457,1,"185,92",445,1200,1740
7250,"Boucles d'oreilles","SUN* or 14K diamant ",3666023068464,2,"32,87",100,270,390
7251,Collier,"BLUES* Or 14k blue grey sapphire ",3666023068471,1,"68,14",220,590,860
7261,Bague,"BLONDIE * Or 14k - citrine 51",3666023068556,1,"76,48",185,500,720
7262,Bague,"BLONDIE * Or 14k - citrine 53",3666023068563,2,"76,48",185,500,720
7263,Bague,"BLONDIE * Or 14k - citrine 55",3666023068570,2,"76,48",185,500,720
7265,Bague,"VIVIAN **  Or 14k - emerald 51",3666023068587,1,"146,81",315,850,1230
7270,Bague,"VAL* Or 14k - emerald 53",3666023068624,1,"83,81",255,690,990
7277,"Boucles d'oreilles","TINA* Or 14k ",3666023068693,1,"30,53",80,220,310
7278,"Boucles d'oreilles","ANGELA 12 ** Or 14k ",3666023068709,2,"78,55",210,570,820
7281,Creoles,"Aya **  or 14K ",3666023068730,1,"165,64",335,900,1310
7283,Collier,"MOON* Or 14k - crystal  ",3666023068754,1,"167,02",445,1200,1740
7288,Collier,"DODDIE* neck Or 14k - pearl ",3666023068792,1,"60,55",170,460,660
7289,"Boucles d'oreilles","DODDIE* Earring Or 14k - pearl ",3666023068808,2,"71,61",255,690,990
7298,"Boucles d'oreilles","CINDY D.* Or 14k - Diamant ",3666023068891,1,"36,22",95,260,370
7300,"Boucles d'oreilles","CINDY E.* Or 14k - emerald ",3666023068914,1,"34,33",95,260,370
7302,Bague,"Aimi* Or 14k 51",3666023068921,1,"51,17",105,280,410
7303,Bague,"Aimi* Or 14k 53",3666023068938,1,"51,17",105,280,410
7311,Collier,"Benny black* Argent Oxydé - Or 14k ",3666023069003,2,"97,13",295,800,1150
7315,"Boucles d'oreilles","LESLIE* Argent Oxydé - Or 14k ",3666023069041,1,"151,83",335,900,1310
7316,Collier,"ARTIE* Argent Oxydé - Or 14k - Diamant ",3666023069058,1,"70,25",180,490,700
7317,"Boucles d'oreilles","ARTE* Argent Oxydé - Or 14k - Diamant ",3666023069065,1,"61,52",230,620,900
7318,Collier,"FELIX R.* Or 14k - rubis ",3666023069072,3,"75,72",230,620,900
7319,"Boucles d'oreilles","EMMY* Argent Oxydé - Or 14k ",3666023069089,1,"129,15",325,880,1270
7324,Collier,"HEARTY* Argent Oxydé - Or 14k ",3666023069133,1,"173,39",385,1040,1500
7325,Collier,"TOM* Argent Oxydé - Or 14k ",3666023069140,1,"94,94",235,630,920
7330,Bague,"GALY* Argent Oxydé - Or 14k 53",3666023069188,1,"118,12",292,790,1140
7331,Bague,"GALY* Argent Oxydé - Or 14k 55",3666023069195,1,"118,12",292,790,1140
7334,"Boucles d'oreilles","ISA black* Or 14k ",3666023069225,1,"76,40",240,650,940
7335,"Boucles d'oreilles","ISA white* Or 14k ",3666023069232,1,"73,44",240,650,940
7338,Bague,"BOBBIE* Argent Oxydé - Or 14k 53",3666023069256,1,"67,40",175,470,680
7339,Bague,"BOBBIE* Argent Oxydé - Or 14k 55",3666023069263,1,"67,40",175,470,680
7341,Bague,"EKI* Argent Oxydé - Or 14k 51",3666023069270,1,"37,46",85,230,330
7342,Bague,"EKI* Argent Oxydé - Or 14k 53",3666023069287,2,"37,46",85,230,330
7343,Bague,"EKI* Argent Oxydé - Or 14k 55",3666023069294,1,"37,46",85,230,330
7346,Bague,"HOCHU* Argent Oxydé - Or 14k - Diamant 53",3666023069317,1,"84,72",230,620,900
7347,Bague,"HOCHU* Argent Oxydé - Or 14k - Diamant 55",3666023069324,1,"84,72",230,620,900
7351,Bague,"HUBE **  Argent Oxydé - Or 14k 53",3666023069348,1,"59,85",175,470,680
7352,Bague,"HUBE **  Argent Oxydé - Or 14k 55",3666023069355,1,"59,85",175,470,680
7358,Bague,"ALEX black* Argent Oxydé - Or 14k - Diamant 51",3666023069416,1,"71,02",240,650,940
7360,Bague,"ALEX black* Argent Oxydé - Or 14k - Diamant 55",3666023069430,1,"71,02",240,650,940
7369,Bracelet,"KHANY **  Or 14k ",3666023069508,2,"229,70",700,1890,2730
7370,"Boucles d'oreilles","KHAN S **  Or 14k ",3666023069515,1,"123,00",320,860,1250
7378,Bague,"RAJA Black* diam on BS 51",3666023069577,2,"26,81",80,220,310
7379,Bague,"RAJA Black* diam on BS 53",3666023069584,2,"26,81",80,220,310
7380,Bague,"RAJA Black* diam on BS 55",3666023069591,1,"26,81",80,220,310
7382,Bague,"RAJA Gold* diam on GS 51",3666023069607,1,"26,81",80,220,310
7383,Bague,"RAJA Gold* diam on GS 53",3666023069614,2,"26,81",80,220,310
7384,Bague,"RAJA Gold* diam on GS 55",3666023069621,2,"26,81",80,220,310
7386,Bague,"NAEL D* diam on BS 51",3666023069638,1,"30,57",95,260,370
7387,Bague,"NAEL D* diam on BS 53",3666023069645,1,"30,57",95,260,370
7388,Bague,"NAEL D* diam on BS 55",3666023069652,1,"30,57",95,260,370
7390,Bague,"NAEL T.* turquoise 51",3666023069669,1,"28,69",95,260,370
7391,Bague,"NAEL T.* turquoise 53",3666023069676,2,"28,69",95,260,370
7392,Bague,"NAEL T.* turquoise 55",3666023069683,1,"28,69",95,260,370
7394,Bague,"Glen Black* diam on BS 51",3666023069690,1,"47,50",145,390,570
7395,Bague,"Glen Black* diam on BS 53",3666023069706,2,"47,50",145,390,570
7396,Bague,"Glen Black* diam on BS 55",3666023069713,1,"47,50",145,390,570
7398,Bague,"Glen Gold* diam on GS 51",3666023069720,1,"52,03",145,390,570
7399,Bague,"Glen Gold* diam on GS 53",3666023069737,1,"52,03",145,390,570
7400,Bague,"Glen Gold* diam on GS 55",3666023069744,2,"52,03",145,390,570
7402,Bague,"FOLK** D   Diamant 51",3666023069751,1,"47,50",140,380,550
7403,Bague,"FOLK** D   Diamant 53",3666023069768,1,"47,50",140,380,550
7404,Bague,"FOLK** D   Diamant 55",3666023069775,1,"47,50",140,380,550
7406,Bague,"FOLK T** Turquoise 51",3666023069782,1,"43,98",130,350,510
7407,Bague,"FOLK T** Turquoise 53",3666023069799,1,"43,98",130,350,510
7412,Bague,"BLUES* Or 14k - saphir 51",3666023069829,1,"77,49",230,620,900
7413,Bague,"BLUES* Or 14k - saphir 53",3666023069836,1,"77,49",230,620,900
7414,Bague,"BLUES* Or 14k - saphir 55",3666023069843,1,"77,49",230,620,900
7415,"Boucles d'oreilles","BLUES **  Or 14k - saphir ",3666023069850,1,"108,07",330,890,1290
7416,"Boucles d'oreilles","CELIA* Or 14k - aigue marine ",3666023069867,1,"92,13",310,840,1210
7418,"Boucles d'oreilles","JADE **  Emeraude ",3666023069881,1,"106,00",335,900,1310
7419,Collier,"JAGGER* Or 14k - emerald ",3666023069898,2,"88,39",225,610,880
7422,Bague,"FLORA BLUE* Or 14k - saphir 53",3666023069911,1,"91,10",265,720,1030
7423,Bague,"FLORA BLUE* Or 14k - saphir 55",3666023069928,2,"91,10",265,720,1030
7426,Bracelet,"BIBO* Argent Oxydé - Or 14k ",3666023069959,1,"123,67",320,860,1250
7432,"Boucles d'oreilles","SUNY XL* Or 14k - Diamant ",3666023070009,1,"215,27",515,1390,2010
7490,Bague,"LAINE* Diamant 51",3666023070580,1,"53,96",165,450,640
7491,Bague,"LAINE* Diamant 53",3666023070597,1,"53,96",165,450,640
7492,Bague,"LAINE* Diamant 55",3666023070603,1,"53,96",165,450,640
7500,"Boucles d'oreilles","DROP Argent doré or ",3666023070689,1,"24,39",71,190,280
7503,Collier,"MULTI CO Argent doré or ",3666023070719,1,"45,39",140,380,550
7504,"Boucles d'oreilles","BO MAXY TURQ Argent doré ",3666023070726,1,"61,96",183,490,710
7535,"Boucle d'oreille","TIMM R. (one)* Or 14k - rubis ",3666023071037,1,"67,80",205,550,800
7536,"Boucle d'oreille","TIMM D. (one)* Or 14k - Diamant ",3666023071044,1,"70,99",215,580,840
7575,"Boucles d'oreilles","CINDY BD.*  Or 14k - Diamant ",3666023071433,1,"28,40",95,260,370
7599,Collier,"ARYA  Argent doré or ",3666023071679,1,"30,39",95,260,370
7600,Bague,"GINA Argent doré or 51",3666023071686,1,"54,59",165,450,640
7606,"Boucles d'oreilles","NICO Argent doré or ",3666023071747,1,"101,64",305,820,1190
7607,Collier,"MATTEO Argent doré or ",3666023071754,2,"79,74",255,695,990
7614,Bague,"ELIA AQUA Or 14k - aigue marine 51",3666023071822,1,"151,04",325,880,1270
7615,Bague,"ELIA AQUA Or 14k - aigue marine 53",3666023071839,1,"151,04",325,880,1270
7616,Bague,"ELIA AQUA Or 14k - aigue marine 55",3666023071846,1,"151,04",325,880,1270
7621,Collier,"RIV 208 Or 14k ",3666023071891,1,"308,70",1080,2920,4210
7635,Collier,"ASAN n°7 Argent Oxydé - Or 14k - Diamant ",3666023072034,1,"352,34",1060,2860,4130
7640,Bague,"GWEN B. TOP  Topaze 51",3666023072089,1,"29,84",95,260,370
7641,Bague,"GWEN B. TOP  Topaze 53",3666023072096,1,"29,84",95,260,370
7642,Bague,"GWEN B. TOP  Topaze 55",3666023072102,1,"29,84",95,260,370
7658,"Boucles d'oreilles","217S Or 14k ",3666023072263,1,"133,67",470,1270,1830
7770,Collier,"FLOW Or 14k - Morganite ",3666023073314,1,"468,93",1290,3480,5030
7792,Bague,"MILK n°1 T53  Or 14k - aigue marine ",3666023073536,1,"264,36",795,2150,3100
7797,Bague,"WATER 48 n°4 T50  Or 14k - Tourmaline ",3666023073581,1,"219,82",660,1780,2570
7816,"Boucles d'oreilles","FLASH Or 14k - Morganite ",3666023073772,1,"423,33",1095,2960,4270
7850,Bague,"CORAY N°2 T56 Or 14k - corail ",3666023074106,1,"280,55",840,2270,3280
7884,Collier,"MATTIA Or 14k - Diamant ",3666023074441,1,"193,05",465,1260,1810
7889,Collier,"RIV 74 Y labra link  Or 14k - Y. Labra ",3666023074496,1,"249,19",830,2240,3240
7891,Collier,"CAMEE 60 N°1 Or 14k ",3666023074519,1,"184,46",555,1500,2160
7906,Bague,"MAURO Or 14k - Diamant 51",3666023074663,1,"224,81",675,1820,2630
7907,Bague,"MAURO Or 14k - Diamant 53",3666023074670,1,"224,81",675,1820,2630
7908,Bague,"MAURO Or 14k - Diamant 55",3666023074687,1,"224,81",675,1820,2630
7942,"Boucles d'oreilles","17 GM N°5 Or 14k ",3666023075028,1,"421,86",1182,3190,4610
7944,Bague,"34 BOB N°4 T55 Argent Oxydé - Or 14k - Diamant ",3666023075042,1,"304,63",915,2470,3570
7950,"Boucles d'oreilles","18O N°2  Or 14k ",3666023075103,1,"471,87",1275,3440,4970
7998,Collier,"BIANCA N°3 Or 14k ",3666023075561,1,"233,08",700,1890,2730
8005,"Boucles d'oreilles","43O n°1 Or 14k ",3666023075639,1,"323,87",875,2360,3410
8022,"Boucles d'oreilles","45O n°6 Or 14k ",3666023075806,1,"157,69",550,1490,2150
8084,Collier,"FISH N°1 L. Or 14k ",3666023076421,1,"180,98",440,1190,1720
8085,Collier,"FISH N°2 G. Or 14k ",3666023076438,1,"108,09",275,740,1070
8106,Bague,"BOB N T56 Or 14k ",3666023076629,1,"313,92",1005,2710,3920
8131,Collier,"ABY* T. Topaze ",3666023076872,1,"25,50",80,220,310
8151,Collier,"CALI Argent doré or ",3666023077053,1,"37,06",120,320,470
8155,Collier,"SHAKE Argent doré or ",3666023077091,1,"36,12",80,220,310
8172,"Boucles d'oreilles","NOVA BROWN Or 14k - Diamant ",3666023077251,1,"477,67",1290,3480,5030
8173,"Boucles d'oreilles","LIVIA Argent doré or ",3666023077268,1,"56,48",190,510,740
8174,"Boucles d'oreilles","RITA Or 14k - Diamant ",3666023077275,2,"96,29",263,710,1030
8175,Collier,"GRACE Or 14k - Diamant ",3666023077282,1,"76,52",244,660,950
8176,"Boucles d'oreilles","ROMY Or 14k - Diamant ",3666023077299,2,"138,10",415,1120,1620
8177,Bague,"GLORIA Or 14k - Diamant 51",3666023077305,1,"142,72",308,830,1200
8178,Bague,"GLORIA Or 14k - Diamant 53",3666023077312,2,"142,72",308,830,1200
8179,Bague,"GLORIA Or 14k - Diamant 55",3666023077329,2,"142,72",308,830,1200
8188,Bracelet,"VERDE Or 14k - Tourmaline ",3666023077404,1,"262,59",683,1840,2660
8200,Collier,"AURA S Or 14k - Diamant ",3666023077527,1,"156,18",429,1160,1670
8201,"Boucles d'oreilles","PAM Or 14k - Diamant ",3666023077534,1,"80,94",229,620,890
8202,"Boucles d'oreilles","ERA Or 14k - Diamant ",3666023077541,1,"71,76",216,580,840
8229,"Boucles d'oreilles","58J N°10 Or 14k ",3666023077817,1,"192,74",617,1670,2410
8234,"Boucles d'oreilles","CARINA N°1  Or 14k ",3666023077862,1,"297,08",803,2170,3130
8244,"Boucles d'oreilles","57J OD N°1 Or 14k ",3666023077961,1,"191,43",728,1970,2840
8254,Collier,"TIMI CIT. Or 14k - citrine ",3666023078067,2,"142,82",325,880,1270
8256,Collier,"GAIA T. Argent doré or ",3666023078081,1,"57,58",182,490,710
8257,Collier,"GAIA D. Argent doré or ",3666023078098,1,"70,17",222,600,870
8258,Collier,"AINA Argent doré or ",3666023078104,1,"42,87",129,350,500
8268,"Boucles d'oreilles","DINA N°12 Or 14k ",3666023078203,1,"193,13",609,1640,2380
8323,Bague,"OHAN 69 N°2 T57 Or 14k ",3666023078753,1,"290,92",830,2240,3240
8327,Bague,"RAYA 70 N°4 T58 Or 14k ",3666023078791,1,"248,99",673,1820,2620
8359,"Boucles d'oreilles","NADJA GOLD Or 14k - Diamant ",3666023079118,1,"329,72",905,2440,3530
8363,Collier,"RIV 131 MORGA Or 14k - Morganite ",3666023079156,1,"244,71",857,2310,3340
8367,Collier,"81 CAMEE L N°1 Or 14k ",3666023079194,1,"243,49",658,1780,2570
8374,Collier,"92 COIN N°5 Or 14k - Diamant ",3666023079262,1,"252,05",757,2040,2950
8429,Bague,"BOB 26 N°3 T54 Argent Oxydé - Or 14k - Diamant ",3666023079798,1,"339,28",1018,2750,3970
8432,Bague,"BOB 26 N°6 T55  Argent Oxydé - Or 14k - Diamant ",3666023079828,1,"353,77",1062,2870,4140
8441,Collier,"VICO N°3 Argent Oxydé - Or 14k - Diamant ",3666023079910,1,"279,04",838,2260,3270
8456,Bague,"CORDOUE 32 N°11 T56 Argent Oxydé - Or 14k - Diamant ",3666023080060,1,"358,91",1113,3010,4340
8474,Bague,"INES 73 N°1 T53 Or 14k - Grandidierite ",3666023080244,1,"261,57",759,2050,2960
8498,Bague,"CAMEO T54 Or 14k ",3666023080480,1,"228,68",607,1640,2370
8536,"Boucles d'oreilles","ALBY PAIR Or 14k - aigue marine ",3666023080855,1,"337,10",975,2640,3800
8549,Collier,"NAO T. large Or 14k - Tourmaline ",3666023080985,2,"90,45",250,680,980
8599,Bague,"TORIN ronde OR 14k - Topaz 53",3666023081487,1,"254,78",726,1960,2830
8600,Bague,"TORIN ronde OR 14k - Topaz 55",3666023081494,1,"254,78",726,1960,2830
8621,Collier,"LANA  Argent doré or ",3666023081708,1,"29,48",96,260,370
8654,"Boucles d'oreilles","KAI SILVER Argent ",3666023081944,1,"32,43",103,280,400
8660,"Boucles d'oreilles","KAI GOLD Or 14k ",3666023082002,1,"207,11",533,1440,2080
8662,Bague,"ADELE Or 14k 53",3666023082026,1,"243,94",611,1650,2380
8663,Bague,"ADELE Or 14k 55",3666023082033,1,"243,94",611,1650,2380
8675,"Boucles d'oreilles","NADJA Silver Argent ",3666023082149,1,"44,73",144,390,560
8677,"Boucles d'oreilles","TILDE Or 14k ",3666023082163,1,"376,58",840,2270,3280
8689,Collier,"PALM OR 14k - Topaz ",3666023082279,1,"335,95",852,2300,3320
8762,Bague,"FLORA BLUE* Or 14k - saphir 49",3666023082965,1,"91,10",265,720,1030
8766,"Coffret ","Coffret gainé en édition limit Rouge Burgundy-Dark Red ",3666023083009,2,"26,00",65,120,140
8767,"Coffret ","Coffret gainé en édition limit Rouge Burgundy-Misty Rose ",3666023083016,2,"26,00",65,120,140
8768,"Coffret ","Coffret gainé en édition limit Violet-Plum ",3666023083023,1,"26,00",65,120,140
8777,"Boucles d'oreilles","YONI Or 14k - Diamant ",3666023083108,1,"101,52",273,740,1060
8783,Bracelet,"BOAT Argent doré or ",3666023083160,1,"85,70",258,690,1010
8787,Collier,"SNOW Or 14k - pearl ",3666023083207,1,"208,92",610,1650,2380
8792,Collier,"DAHLIA Or 14k - saphir ",3666023083252,2,"132,10",357,965,1390
8793,Collier,"OLIVE Or 14k - Apatite ",3666023083269,1,"130,30",401,1080,1560
8810,"Boucles d'oreilles","MINA Or 14k ",3666023083429,1,"299,03",654,1770,2550
8822,Collier,"NAVY Or 14k - Lapis ",3666023083542,1,"172,48",457,1230,1780
8831,"Boucles d'oreilles","PEPPER N°2 Or 14k - Diamant ",3666023083634,1,"151,51",455,1230,1770
8834,"Boucles d'oreilles","PEPPER N°5 Or 14k - Diamant ",3666023083665,1,"151,51",455,1230,1770
8837,Collier,"SAND 2 Or 14k - Diamant ",3666023083696,1,"88,16",291,790,1130
8850,Bracelet,"FIZZ DORE Argent doré or ",3666023083818,1,"34,19",144,390,560
8852,Collier,"SOFIA white Argent Oxydé - Or 14k ",3666023083832,1,"121,70",477,1290,1860
8860,Bague,"ANJO S. Argent 51",3666023083917,1,"29,56",98,260,380
8861,Bague,"ANJO S. Argent 53",3666023083924,1,"29,56",98,260,380
8862,Bague,"ANJO S. Argent 55",3666023083931,2,"29,56",98,260,380
8871,"Boucles d'oreilles","67J N°1 Or 14k - saphir ",3666023084020,1,"111,13",333,900,1300
8907,"Boucles d'oreilles","70S N°6 Or 14k ",3666023084389,1,"143,78",441,1190,1720
8928,"Boucles d'oreilles","73S N°11 Or 14k ",3666023084594,1,"197,03",592,1600,2310
8936,"Boucles d'oreilles","63S Or 14k ",3666023084679,1,"147,09",463,1250,1810
8993,"Coffret ","Old Yellow Bloom Box Bleu-Lavender ",3666023085249,1,"100,00",200,440,780
9001,"Boucles d'oreilles","LUMI white Argent Oxydé - Or 14k ",3666023085324,1,"100,78",269,730,1050
9010,Collier,"LEEBA Or 14k - Diamant ",3666023085416,1,"75,00",240,650,940
9011,"Boucles d'oreilles","HOPE Or 14k - Diamant ",3666023085423,1,"174,78",459,1240,1790
9012,Collier,"NAO cit small Or 14k - citrine ",3666023085430,1,"57,93",174,470,680
9013,Collier,"LOKKI black Argent doré à l'or fin - Or 14k ",3666023085447,2,"61,36",181,490,710
9014,Collier,"LOKKI white Argent doré à l'or fin - Or 14k ",3666023085454,1,"60,83",181,490,710
9015,Emballage,"Sac shopper Large Noir-Black ",3666023085461,9,0,0,0,0
9016,Collier,"LYS Or 14k - Diamant ",3666023085478,1,"307,05",711,1920,2770
9025,Collier,"JUNE PINK Argent doré ",3666023085560,1,"81,32",215,580,840
9028,Bague,"AVNER D. Argent Oxydé - Or 14k 53",3666023085591,1,"142,94",395,1070,1540
9029,Bague,"AVNER D. Argent Oxydé - Or 14k 55",3666023085607,2,"142,94",395,1070,1540
9034,"Boucles d'oreilles","73J N°5 Or 14k - Tourmaline ",3666023085652,1,"367,65",1287,3470,5020
9069,Collier,"LILLA Argent doré ",3666023085997,1,"58,38",176,480,690
9071,Collier,"BEE pdl Argent doré ",3666023086017,1,"51,60",140,380,550
9079,Bracelet,"PIPA ROSE Argent doré ",3666023086086,1,"9,09",45,120,180
9098,Bague,"ROME Or 14k 53",3666023086277,1,"262,09",626,1690,2440
9099,Bague,"ROME Or 14k 55",3666023086284,1,"262,09",626,1690,2440
9131,"Boucles d'oreilles","PLAY FLOWER Argent doré ",3666023086604,1,"51,58",155,420,600
9132,"Boucles d'oreilles","FIFI Argent doré ",3666023086611,1,"67,16",202,550,790
9133,"Boucles d'oreilles","PLAY R. Argent doré ",3666023086628,1,"48,38",155,420,600
9136,Bracelet,"DAISY  Or 14k - Diamant ",3666023086659,1,"436,01",1133,3060,4420
9164,Bague,"WATER 57J T54 N°1 Or 14k - Tourmaline ",3666023086901,1,"332,57",998,2690,3890
9168,Bague,"WATER 57J T54 N°5 Or 14k - Tourmaline ",3666023086949,1,"332,57",998,2690,3890
9182,Bague,"ZIRCA T55 N°1 Or 14k - zircon ",3666023087083,1,"197,07",650,1760,2540
9186,Bague,"AVNER Green  Argent Oxydé - Or 14k 53",3666023087120,1,"137,71",367,990,1430
9191,"Boucles d'oreilles","LUMI Green Argent doré - Or 14k ",3666023087175,2,"73,84",185,500,720
9192,"Boucles d'oreilles","LUMI Violet Argent Oxydé - Or 14k ",3666023087182,1,"74,00",185,500,720
9197,Collier,"FLAVIE  Argent doré ",3666023087236,1,"26,59",80,220,310
9200,Collier,"JUNE BLUE Argent doré ",3666023087267,1,"81,93",215,580,840
9201,Collier,"SOFIA Green Argent Oxydé - Or 14k ",3666023087274,1,"77,05",277,750,1080
9202,Collier,"SOFIA Violet Argent Oxydé - Or 14k ",3666023087281,1,"77,42",277,750,1080
9210,"Boucles d'oreilles","BYE Pdl Argent doré ",3666023087366,2,"36,02",109,290,430
9214,Sautoir,"ARLO  Argent Oxydé - Or 14k ",3666023087403,1,"87,01",188,510,730
9219,Collier,"DUDLEY  Or 14k - pearl ",3666023087458,1,"95,73",229,620,890
9220,"Boucles d'oreilles","DUDD Or 14k - pearl ",3666023087465,1,"129,46",283,760,1100
9221,Bague,"TODD Or 14k - pearl 51",3666023087472,1,"130,96",333,835,1300
9222,Bague,"TODD Or 14k - pearl 53",3666023087489,1,"130,96",333,835,1300
9234,"Boucles d'oreilles","24F n°2 Or 14k ",3666023087595,1,"337,02",1012,2220,3950
9258,Emballage,"BOITE PAD BAGUE  black gold-black gold ",3666023087830,9,0,0,0,0
9259,Emballage,"BOITE PAD BO black gold-black gold ",3666023087847,10,0,0,0,0
9260,Emballage,"BOITE PAD L black gold-black gold ",3666023087854,9,0,0,0,0
9286,Collier,"RICE Necklace Argent Oxydé - Or 14k - Diamant ",3666023088103,1,"215,33",573,1550,2230
9291,Collier,"G. WAL 147 N°4 Or 14k - Tourmaline ",3666023088158,1,"216,68",661,1780,2580
9305,"Boucles d'oreilles","170M n°2 Or 14k ",3666023088295,1,"114,07",468,1260,1830
9314,"Boucles d'oreilles","CHANDER 161 N°1 Or 14k ",3666023088387,1,"260,64",782,2110,3050
9364,Bague,"WATER 154 N°2 T53  Or 14k - Tourmaline ",3666023088875,1,"317,71",954,2580,3720
9365,Bague,"WATER 154 N°3 T53 Or 14k - Tourmaline ",3666023088882,1,"317,71",954,2580,3720
9395,Bague,"PUNCH T54 Or 14k - saphir ",3666023089186,1,"392,37",1178,3180,4590
9401,Bague,"DILA 42 T54 Argent Oxydé - Or 14k - Diamant ",3666023089247,1,"323,95",972,2620,3790
9402,Bague,"CORDOUE 43 T55 Argent Oxydé - Or 14k - Diamant ",3666023089254,1,"345,23",1036,2590,4040
9403,Bague,"CORDOUE 43 T57 Argent Oxydé - Or 14k - Diamant ",3666023089261,1,"345,23",1036,2590,4040
9418,Bague,"GIN T55 Or 14k - quartz ",3666023089414,1,"285,30",856,1880,3340
9426,Bague,"WATER 112 T56 N°1 Or 14k - Tourmaline ",3666023089490,1,"417,22",1210,3270,4720
9442,"Boucles d'oreilles","131A N°14 Or 14k ",3666023089650,1,"96,70",484,1310,1890
9464,Collier,"QUARTZY N°3 Or 14k - quartz ",3666023089872,1,"252,10",757,2045,2950
9468,Collier,"LIMI N°2 Or 14k ",3666023089919,1,"365,18",1242,3120,4840
9494,"Boucles d'oreilles","MOMO PAIR Or 14k ",3666023090175,1,"191,76",560,1400,2180
9503,"Boucles d'oreilles","ELY PAIR Or 14k - aigue marine ",3666023090267,1,"181,92",470,1190,1830
9519,Emballage,"Festive Pouch Multi-Multi ",3666023090427,-41,0,0,0,0
9520,Emballage,"BOITE PAD BRACELET black gold-black gold ",3666023090434,10,0,0,0,0
9525,Bracelet,"HARON Argent doré ",3666023090489,1,"35,72",108,295,420
9537,Bracelet,"SILVIO  Argent doré ",3666023090601,1,"28,31",85,230,330
9538,Collier,"MILTON Argent doré ",3666023090618,1,"72,97",219,595,850
9544,Bracelet,"ABEL WOMEN Argent ",3666023090670,1,"17,25",57,155,220
9545,Bracelet,"ABEL MEN Argent ",3666023090687,1,"19,01",62,170,240
9546,Bracelet,"BILLY WOMEN Argent ",3666023090694,1,"24,11",100,270,390
9547,Bracelet,"BILLY MEN Argent ",3666023090700,1,"26,44",115,310,450
9549,Bracelet,"ARTUSI S Gold Argent doré ",3666023090724,1,"46,04",125,315,490
9550,Bracelet,"ARTUSI S Black Argent doré ",3666023090731,1,"45,78",125,315,490
9551,Bracelet,"ARTUSI L Gold Argent doré ",3666023090748,1,"75,62",227,570,890
9552,Bracelet,"ARTUSI L Black Argent doré ",3666023090755,2,"73,84",227,570,890
9557,Bague,"ROME Or 14k 50",3666023090809,1,"262,09",626,1690,2440
9561,Bracelet,"PHILOE men Argent doré ",3666023090847,1,"30,89",93,255,360
9565,Collier,"EMA MULTI* Or 14k - Diamant ",3666023090885,1,"91,60",207,520,810
9573,Bague,"EMA MULTI* Or 14k - Diamant 51",3666023090960,1,"100,42",226,565,880
9574,Bague,"EMA MULTI* Or 14k - Diamant 53",3666023090977,1,"100,42",226,565,880
9575,Bague,"EMA MULTI* Or 14k - Diamant 55",3666023090984,1,"100,42",226,565,880
9579,"Boucles d'oreilles","EMA MULTI pair* Or 14k ",3666023091028,2,"196,88",443,1110,1730
9607,Bague,"BONIE MORGA Or 14k - Morganite 47",3666023091301,1,"127,56",250,680,980
9620,"Boucles d'oreilles","PEONY D.* Or 14k - Diamant ",3666023091394,1,"690,35",1450,3680,5660
9621,"Boucles d'oreilles","DOROTHY Or 14k - Diamant ",3666023091400,1,"73,24",220,595,860
9622,Bague,"RAVI OR* Argent Oxydé - Or 14k - Diamant 51",3666023091417,1,"282,67",651,1630,2540
9623,Bague,"RAVI OR* Argent Oxydé - Or 14k - Diamant 53",3666023091424,1,"282,67",651,1630,2540
9624,Bague,"RAVI OR* Argent Oxydé - Or 14k - Diamant 55",3666023091431,1,"282,67",651,1630,2540
9632,Collier,"JULIAN Blue** Or 14k - aigue marine ",3666023091516,1,"278,30",794,1985,3100
9633,"Boucle d'oreille","KEITH Blue ** Or 14k ",3666023091523,1,"123,49",315,790,1230
9634,"Boucle d'oreille","KEITH pink** Or 14k ",3666023091530,1,"114,03",315,790,1230
9635,"Boucles d'oreilles","PAOLA T.* Or 14k - Tourmaline ",3666023091547,1,"261,65",650,1625,2540
9636,Bague,"VIVIA Or 14k - emerald 51",3666023091554,1,"146,81",353,885,1380
9638,Bague,"VIVIA Or 14k - emerald 55",3666023091578,1,"146,81",353,885,1380
9646,Bague,"BONIE MORGA* Or 14k - Morganite 51",3666023091653,1,"127,56",281,705,1100
9647,Bague,"BONIE MORGA* Or 14k - Morganite 53",3666023091660,1,"127,56",281,705,1100
9648,Bague,"BONIE MORGA* Or 14k - Morganite 55",3666023091677,2,"127,56",281,705,1100
9662,Bague,"BONIE PINK* Or 14k - garnet 51",3666023091813,1,"130,84",288,720,1120
9663,Bague,"BONIE PINK* Or 14k - garnet 53",3666023091820,1,"130,84",288,720,1120
9664,Bague,"BONIE PINK* Or 14k - garnet 55",3666023091837,1,"130,84",288,720,1120
9670,Bague,"BONIE BRUN* Or 14k - garnet 51",3666023091899,1,"126,64",288,720,1120
9671,Bague,"BONIE BRUN* Or 14k - garnet 53",3666023091905,1,"126,64",288,720,1120
9672,Bague,"BONIE BRUN* Or 14k - garnet 55",3666023091912,1,"126,64",288,720,1120
9681,Collier,"IRIS* Or 14k - Morganite ",3666023092001,1,"163,19",392,980,1530
9682,"Boucles d'oreilles","SAGE* Or 14k - Morganite ",3666023092018,1,"302,64",727,1820,2840
9686,"Boucle d'oreille","KEITH WHITE** Or 14k ",3666023092032,1,"172,30",353,880,1380
9687,"Boucles d'oreilles","JOSIE white** Or 14k ",3666023092049,1,"115,83",290,720,1130
9688,"Boucles d'oreilles","JOSIE black** Or 14k ",3666023092056,1,"89,38",290,720,1130
9689,"Boucle d'oreille","LOLA (ONE) T.* Or 14k ",3666023092063,2,"54,78",155,390,600
9690,"Boucle d'oreille","LOLA (ONE) D.* Or 14k ",3666023092070,1,"67,07",155,390,600
9691,Bague,"FLORA MORGA* Or 14k - Morganite 51",3666023092087,1,"132,47",254,635,990
9692,Bague,"FLORA MORGA* Or 14k - Morganite 53",3666023092094,1,"132,47",254,635,990
9693,Bague,"FLORA MORGA* Or 14k - Morganite 55",3666023092100,1,"132,47",254,635,990
9697,Bracelet,"CURTIS** Argent Oxydé - Or 14k ",3666023092148,1,"115,01",277,690,1080
9698,Collier,"HANDIE** Or 14k - citrine ",3666023092155,1,"115,89",286,715,1120
9699,Bracelet,"FLORA MORGA* Or 14k - Morganite ",3666023092162,1,"391,02",1037,2620,4040
9700,Bague,"BONIE Perle** Or 14k - pearl 51",3666023092179,1,"99,66",260,650,1010
9701,Bague,"BONIE Perle** Or 14k - pearl 53",3666023092186,1,"99,66",260,650,1010
9702,Bague,"BONIE Perle** Or 14k - pearl 55",3666023092193,1,"99,66",260,650,1010
9710,Collier,"MINI MOON* Or 14k - crystal  ",3666023092278,1,"216,36",518,1300,2020
9711,"Boucle d'oreille","MOONY (one)* Or 14k - crystal  ",3666023092285,1,"195,69",490,1220,1910
9712,Bague,"Nine Sun ** Or 14k - Diamant 51",3666023092292,2,"123,06",259,650,1010
9713,Bague,"Nine Sun ** Or 14k - Diamant 53",3666023092308,2,"123,06",259,650,1010
9714,Bague,"Nine Sun ** Or 14k - Diamant 55",3666023092315,1,"123,06",259,650,1010
9723,"Boucles d'oreilles","NORMAN Or 14k ",3666023092407,1,"325,83",689,1725,2690
9724,Collier,"ROSIE* Or 14k - rubis ",3666023092414,1,"141,58",352,880,1370
9725,"Boucles d'oreilles","ISAO* Or 14k - saphir ",3666023092421,1,"212,73",522,1310,2040
9726,"Boucles d'oreilles","IKA* Or 14k - saphir ",3666023092438,1,"166,10",367,920,1430
9727,Collier,"MITCH Perle** Or 14k ",3666023092445,1,"156,92",330,825,1290
9728,"Boucles d'oreilles","KIWA** or 14K ",3666023092452,1,"65,64",165,415,640
9729,Collier,"COEUR Perle** Or 14k - pearl ",3666023092469,1,"207,78",499,1250,1950
9730,"Boucles d'oreilles","ANGELINA Or 14k ",3666023092476,1,"214,63",601,1500,2340
9731,"Boucles d'oreilles","SUNY** or 14K diamant ",3666023092483,1,"89,51",220,550,860
9737,"Boucles d'oreilles","KHANO L **  Or 14k ",3666023092544,2,"507,97",1016,2135,3960
9738,Bague,"BONIE Green.** Or 14k - emerald 51",3666023092551,1,"91,31",302,760,1180
9739,Bague,"BONIE Green.** Or 14k - emerald 53",3666023092568,1,"91,31",302,760,1180
9740,Bague,"BONIE Green.** Or 14k - emerald 55",3666023092575,1,"91,31",302,760,1180
