id,sfa,lib,ean,qty,factory_price,retail,retail_us
918,Creoles,LARA AR - PRESTA JAMES Argent doré ,3666023008545,4,22.33,180.0,270.0
1313,Collier,KIM black Argent doré or fin ,3666023012252,1,36.0,295.0,420.0
1723,Bague,COEUR SIMPLE Argent doré or fin 51,3666023016281,1,7.06,120.0,200.0
1724,Bague,COEUR SIMPLE Argent doré or fin 53,3666023016298,1,7.06,120.0,200.0
1729,Bague,HEARTIE Diamant 51,3666023016335,1,20.2,170.0,240.0
1730,Bague,HEARTIE Diamant 53,3666023016342,1,20.2,170.0,240.0
1744,Bague,GITANE rubis turquoise diam 51,3666023016489,1,28.63,255.0,370.0
1745,Bague,GITANE rubis turquoise diam 53,3666023016496,1,28.63,255.0,370.0
1754,Bague,KRISS Turquoise 51,3666023016588,1,36.19,325.0,470.0
2093,Boucles d'oreilles,WILMA  diam on GS ,3666023019961,1,35.0,405.0,590.0
2507,Emballage,Sac Shopper Small Noir-Black ,3666023023999,-1,0.82,0.0,0.0
2713,Emballage,BOITE SMALL black gold-black gold ,3666023025931,-19,0.46,3.0,10.0
2714,Emballage,BOITE LARGE black gold-black gold ,3666023025948,7,0.8,0.0,0.0
2767,Collier,JIM turquoise ,3666023026471,1,26.88,230.0,330.0
2812,Bague,EDNA Quartz rutile 55,3666023026921,1,33.21,285.0,410.0
3117,Collier,MAYOU TURQ. or 14K turquoise ,3666023029670,1,55.8,420.0,600.0
3205,Emballage,BOITE MEDIUM black gold-black gold ,3666023030331,-23,0.57,5.0,10.0
3316,Creoles,HOBI Argent Oxydé - Or 14k - Diamant ,3666023031321,2,123.05,995.0,1440.0
3596,Boucles d'oreilles,WYLL or 14K diamant ,3666023033844,1,69.96,630.0,920.0
3791,Bague,JAY XL Or 14k 51,3666023035688,1,97.48,790.0,1140.0
3792,Bague,JAY XL Or 14k 53,3666023035695,3,97.48,790.0,1140.0
3793,Bague,JAY XL Or 14k 55,3666023035701,1,97.48,790.0,1140.0
3794,Bracelet,BYRON Or 14k - Diamant ,3666023035718,1,410.39,3590.0,5180.0
3796,Collier,DALE Topaze ,3666023035732,1,195.92,2030.0,2930.0
3822,Bague,BETA Argent doré or fin 51,3666023035978,1,54.36,440.0,640.0
3823,Bague,BETA Argent doré or fin 53,3666023035985,2,54.36,440.0,640.0
3824,Bague,BETA Argent doré or fin 55,3666023035992,1,54.36,440.0,640.0
3826,Bague,BETA Burnt Grey 53,3666023036012,1,54.36,440.0,640.0
3844,Boucles d'oreilles,OTIS Or 14k - saphir ,3666023036197,1,51.89,425.0,610.0
4092,Boucles d'oreilles,DYE 2 Argent doré or fin ,3666023038610,2,22.11,190.0,280.0
4093,Boucles d'oreilles,DYE 2 Burnt Grey ,3666023038627,1,22.11,190.0,280.0
4241,Boucles d'oreilles,KAD D. Argent Oxydé - Or 14k - Diamant ,3666023040019,1,160.78,960.0,1380.0
4341,Boucles d'oreilles,BUMA LAPIS Lapis lazuli ,3666023040835,1,36.76,310.0,450.0
4420,Collier,KAORU 2 Vermeil - Or 14k - multi ,3666023041559,1,54.7,530.0,770.0
4422,Collier,JOJO Argent Oxydé - Or 14k - Diamant ,3666023041573,1,164.69,1310.0,1890.0
4475,Collier,MINI LOOP Pierre de Lune ,3666023042075,1,13.81,120.0,180.0
4728,Bague,VICTORIA XL  Argent Oxydé - Or 14k 51,3666023044536,1,262.14,1930.0,2790.0
4729,Bague,VICTORIA XL  Argent Oxydé - Or 14k 53,3666023044543,2,262.14,1930.0,2790.0
4730,Bague,VICTORIA XL  Argent Oxydé - Or 14k 55,3666023044550,1,262.14,1930.0,2790.0
4865,Boucles d'oreilles,FIVE SPI Or 14k ,3666023045830,1,164.66,1780.0,2570.0
4867,Collier,ARETHA Argent Oxydé - Or 14k - Diamant ,3666023045854,2,453.35,4280.0,6180.0
4868,Collier,ANGIE blue Or 14k ,3666023045861,1,349.07,2690.0,3880.0
4878,Collier,SUZAN L Argent doré or fin ,3666023045960,1,44.12,390.0,570.0
5147,Collier,ANGIE WHITE Or 14k ,3666023048626,1,354.7,2740.0,3960.0
5181,Bague,"DOUBLE EMER N°2 2,4CT T53 Or 14k ",3666023048923,1,248.43,2520.0,3650.0
5366,Bague,CIT RING Argent doré or fin 51,3666023050728,1,41.53,300.0,430.0
5367,Bague,CIT RING Argent doré or fin 53,3666023050735,1,41.53,300.0,430.0
5368,Bague,CIT RING Argent doré or fin 55,3666023050742,1,41.53,300.0,430.0
5416,Bague,WHITE AQUA RING Or 14k 55,3666023051138,1,240.27,2270.0,3280.0
5422,Bague,RUBY n°2 Or 14k ,3666023051190,1,241.99,2280.0,3300.0
5676,Boucles d'oreilles,JAKIE emer Or 14k - emerald ,3666023053644,1,126.41,1170.0,1700.0
5750,Boucles d'oreilles,JAKIE D. Or 14k - Diamant ,3666023054344,1,159.12,1300.0,1870.0
5774,Boucles d'oreilles,MALO short  Or 14k - emerald ,3666023054535,1,242.56,2190.0,3160.0
5805,Collier,MALO  Or 14k - emerald ,3666023054825,1,152.31,1030.0,1480.0
5813,Collier,MAXY D Argent doré ,3666023054900,1,39.09,310.0,450.0
5871,Boucles d'oreilles,MALO long Argent Oxydé - Or 14k ,3666023055471,1,344.45,3150.0,4540.0
5927,Boucle d'oreille,SCOTT blue (ONE)* Or 14k ,3666023055976,1,157.62,1010.0,1460.0
5928,Boucle d'oreille,SCOTT WHITE (ONE)* Or 14k ,3666023055983,1,163.07,1240.0,1790.0
5932,Collier,SCOTTY WHITE * Or 14k - saphir ,3666023056010,1,163.99,1300.0,1870.0
5961,Bague,MALO  Or 14k - emerald 51,3666023056256,1,173.58,1780.0,2570.0
5962,Bague,MALO  Or 14k - emerald 53,3666023056263,2,173.58,1780.0,2570.0
5963,Bague,MALO  Or 14k - emerald 55,3666023056270,1,173.58,1780.0,2570.0
6148,Collier,MALLORY  Or 14k - Tourmaline ,3666023057970,1,135.32,1730.0,2500.0
6149,Boucles d'oreilles,JOJO  Argent Oxydé - Or 14k - Diamant ,3666023057987,1,323.23,2090.0,3030.0
6326,Boucles d'oreilles,NOLAN Or 14k ,3666023059592,1,139.32,805.0,1160.0
6343,Bracelet,GIL Argent doré or fin ,3666023059745,1,31.72,155.0,220.0
6411,Bague,PHILO Argent doré or fin 51,3666023060369,1,49.03,400.0,580.0
6412,Bague,PHILO Argent doré or fin 53,3666023060376,2,49.03,400.0,580.0
6413,Bague,PHILO Argent doré or fin 55,3666023060383,1,49.03,400.0,580.0
6422,Boucles d'oreilles,ENZO Argent doré or fin ,3666023060475,1,50.33,490.0,700.0
6426,Collier,EMILIO Argent doré or fin ,3666023060512,1,28.06,270.0,390.0
6428,Bague,PETER Argent doré or fin 53,3666023060536,1,66.3,540.0,780.0
6429,Bague,PETER Argent doré or fin 55,3666023060543,1,66.3,540.0,780.0
6480,Bague,LEO Or 14k - Diamant 51,3666023061045,1,207.17,1090.0,1570.0
6481,Bague,LEO Or 14k - Diamant 53,3666023061052,1,207.17,1090.0,1570.0
6482,Bague,LEO Or 14k - Diamant 55,3666023061069,1,207.17,1090.0,1570.0
6489,Collier,JUDD Edition Limitée Argent doré or ,3666023061137,1,67.41,670.0,975.0
6511,Boucle d'oreille,SCOTT pink * Or 14k ,3666023061342,1,116.36,1050.0,1520.0
6557,Collier,JON Argent doré or fin ,3666023061809,1,65.26,540.0,780.0
6560,Boucles d'oreilles,ROY Argent doré or fin ,3666023061830,1,51.83,460.0,670.0
6565,Bague,JED Argent doré or fin 51,3666023061878,1,25.16,220.0,310.0
6566,Bague,JED Argent doré or fin 53,3666023061885,1,25.16,220.0,310.0
6567,Bague,JED Argent doré or fin 55,3666023061892,1,25.16,220.0,310.0
6571,Bague,CORY Or 14k - aigue marine 51,3666023061939,1,142.94,680.0,980.0
6572,Bague,CORY Or 14k - aigue marine 53,3666023061946,1,142.94,680.0,980.0
6573,Bague,CORY Or 14k - aigue marine 55,3666023061953,1,142.94,680.0,980.0
6581,Collier,KERRY Or 14k ,3666023062035,1,80.03,690.0,1000.0
6582,Collier,SIMON Or 14k - Diamant ,3666023062042,1,114.63,1360.0,1970.0
6583,Collier,VIC Or 14k - citrine ,3666023062059,1,224.78,1690.0,2440.0
6584,Collier,IAN Argent doré ,3666023062066,1,33.05,300.0,430.0
6618,Bracelet,JANICE Argent doré or fin ,3666023062400,2,35.19,260.0,370.0
6632,Bracelet,CADET Argent doré ,3666023062547,1,52.77,550.0,800.0
6653,Bracelet,GAIL jaspe Argent doré or fin ,3666023062752,1,71.62,590.0,860.0
6654,Collier,HAWK jaspe Argent doré or ,3666023062769,1,66.93,540.0,780.0
6688,Bague,AZUR n°3 T57 Argent Oxydé - Or 14k - Diamant ,3666023063094,1,328.56,2660.0,3850.0
6689,Bague,ANN (T55) Argent Oxydé - Or 14k - Diamant ,3666023063100,1,343.09,2780.0,4310.0
6698,Bracelet,GAIL turquoise Argent doré or fin ,3666023063193,1,74.62,590.0,860.0
6699,Collier,HAWK turquoise Argent doré or ,3666023063209,1,69.89,540.0,780.0
6821,Boucles d'oreilles,FLORA AQUA long  Or 14k - saphir ,3666023064398,1,258.55,1780.0,2570.0
6825,Boucles d'oreilles,PAOLA 33 Or 14k ,3666023064435,1,254.92,1970.0,2850.0
6828,Collier,FLORA MORGA Or 14k - Morganite ,3666023064466,1,82.84,630.0,920.0
6830,Collier,FLORA BLUE Or 14k - saphir ,3666023064480,1,86.37,700.0,1010.0
6855,Boucles d'oreilles,26F Or 14k ,3666023064718,2,123.65,1170.0,1700.0
6878,Boucles d'oreilles,FLORA MORGA Or 14k - Morganite ,3666023064947,1,122.89,890.0,1290.0
6879,Boucles d'oreilles,FLORA BLUE Or 14k - saphir ,3666023064954,1,140.9,1050.0,1520.0
6887,Bracelet,ELLIE D. Or 14k - Diamant ,3666023065036,1,330.24,2400.0,3470.0
6893,Boucles d'oreilles,ARY Argent doré or fin ,3666023065098,1,45.45,380.0,550.0
6895,Bague,JAKIE RING  Or 14k - Diamant 51,3666023065111,1,182.73,1610.0,2320.0
6896,Bague,JAKIE RING  Or 14k - Diamant 53,3666023065128,1,182.73,1610.0,2320.0
6897,Bague,JAKIE RING  Or 14k - Diamant 55,3666023065135,1,182.73,1610.0,2320.0
6898,Bague,BAND Or 14k - Diamant 51,3666023065142,1,288.17,2270.0,3280.0
6899,Bague,BAND Or 14k - Diamant 53,3666023065159,1,288.17,2270.0,3280.0
6900,Bague,BAND Or 14k - Diamant 55,3666023065166,1,288.17,2270.0,3280.0
6906,Bague,EKI GOLD Or 14k 51,3666023065227,1,145.1,790.0,1370.0
6907,Bague,EKI GOLD Or 14k 53,3666023065234,1,145.1,790.0,1370.0
6908,Bague,EKI GOLD Or 14k 55,3666023065241,1,145.1,790.0,1370.0
7013,Boucles d'oreilles,TRILO* Or 14k - citrine ,3666023066279,2,45.72,380.0,550.0
7014,Collier,BLONDIE* Or 14k - citrine ,3666023066286,1,74.0,520.0,750.0
7015,Boucles d'oreilles,BLONDIE **  Or 14k - citrine ,3666023066293,1,97.03,700.0,1010.0
7017,Collier,SILOE* Or 14k - Diamant ,3666023066316,1,155.73,1110.0,1600.0
7021,Boucles d'oreilles,101M Or 14k ,3666023066354,1,154.37,1490.0,2150.0
7045,Bague,ANJO G. Diamant 51,3666023066590,1,145.42,1240.0,1790.0
7046,Bague,ANJO G. Diamant 53,3666023066606,1,145.42,1240.0,1790.0
7047,Bague,ANJO G. Diamant 55,3666023066613,1,145.42,1240.0,1790.0
7048,Boucles d'oreilles,JAKIE LONG Or 14k ,3666023066620,1,232.28,1800.0,2590.0
7077,Bracelet,DANY GS Argent doré or ,3666023066897,1,127.46,1040.0,1500.0
7079,Collier,SHELL KAMI Or 14k ,3666023066910,1,78.55,650.0,940.0
7082,Collier,ERISA BAMBOU Or 14k pink yellow sapphire ,3666023066941,1,66.21,490.0,700.0
7083,Collier,ERISA BAMBOU Or 14k sapphire multico ,3666023066958,1,66.21,490.0,700.0
7100,Collier,SHELL IZUMI 4 Or 14k ,3666023067122,1,112.65,900.0,1310.0
7113,Bague,GWEN PINK*  pink sapphire 51,3666023067238,1,28.81,260.0,370.0
7114,Bague,GWEN PINK*  pink sapphire 53,3666023067245,1,28.81,260.0,370.0
7115,Bague,GWEN PINK*  pink sapphire 55,3666023067252,1,28.81,260.0,370.0
7119,Boucles d'oreilles,LIAM* Argent doré or ,3666023067290,2,56.73,420.0,600.0
7120,Collier,JEF* diam on BS ,3666023067306,1,32.29,260.0,370.0
7122,Collier,JEF* diam on GS ,3666023067320,1,32.29,260.0,370.0
7127,Bague,ELIJAH Black* diam on BS 51,3666023067351,2,39.86,310.0,450.0
7128,Bague,ELIJAH Black* diam on BS 53,3666023067368,1,39.86,310.0,450.0
7129,Bague,ELIJAH Black* diam on BS 55,3666023067375,1,39.86,310.0,450.0
7131,Bague,ELIJAH Gold*  diam on GS 51,3666023067382,1,39.86,310.0,450.0
7132,Bague,ELIJAH Gold*  diam on GS 53,3666023067399,1,39.86,310.0,450.0
7133,Bague,ELIJAH Gold*  diam on GS 55,3666023067405,1,39.86,310.0,450.0
7138,Boucles d'oreilles,BEA 3 DOT* Argent doré ,3666023067450,2,22.34,190.0,270.0
7140,Boucles d'oreilles,BEA 3XL* Argent doré ,3666023067474,1,39.46,320.0,470.0
7142,Bracelet,JANE M DOT* Argent doré ,3666023067498,1,39.05,280.0,410.0
7143,Bracelet,JANE L DOT* Argent doré ,3666023067504,1,37.93,280.0,410.0
7146,Collier,JANIE L DOT* Argent doré ,3666023067535,1,79.4,630.0,920.0
7151,Boucles d'oreilles,Jenna Black* diam on BS ,3666023067580,2,111.47,810.0,1170.0
7152,Boucles d'oreilles,Jenna Gold*  diam on GS ,3666023067597,1,111.47,810.0,1170.0
7156,Bague,WILD Black* diam on BS 51,3666023067627,1,30.78,240.0,350.0
7157,Bague,WILD Black* diam on BS 53,3666023067634,1,30.78,240.0,350.0
7158,Bague,WILD Black* diam on BS 55,3666023067641,1,30.78,240.0,350.0
7160,Bague,WILD Gold* diam on GS 51,3666023067658,1,28.13,240.0,350.0
7161,Bague,WILD Gold* diam on GS 53,3666023067665,1,28.13,240.0,350.0
7162,Bague,WILD Gold* diam on GS 55,3666023067672,1,28.13,240.0,350.0
7169,Bracelet,EARLY* Argent doré or fin ,3666023067740,1,140.4,1190.0,1720.0
7176,Bracelet,MAE D* Diamant ,3666023067788,1,177.12,1300.0,1870.0
7177,Bracelet,MAE T* Turquoise ,3666023067795,1,187.48,1090.0,1580.0
7178,Boucles d'oreilles,LIBY T* Turquoise ,3666023067801,2,32.1,260.0,370.0
7182,Bracelet,Gege D* Diamant ,3666023067849,1,33.96,250.0,360.0
7184,Bracelet,FUNK T* Turquoise ,3666023067863,1,52.75,430.0,620.0
7185,Boucles d'oreilles,TINY D* Diamant ,3666023067870,2,35.04,260.0,370.0
7187,Collier,MIMI* Argent doré or fin ,3666023067894,2,30.37,240.0,350.0
7188,Collier,MANU* D Diamant ,3666023067900,1,33.03,240.0,350.0
7189,Collier,MANU* T Turquoise ,3666023067917,1,29.45,240.0,350.0
7190,Collier,CHANCE* Diamant ,3666023067924,2,84.75,720.0,1030.0
7191,Boucles d'oreilles,LOOK* diam on BS ,3666023067931,1,32.69,280.0,410.0
7192,Bracelet,Gege T*  Turquoise ,3666023067948,1,29.1,250.0,360.0
7193,Boucles d'oreilles,PILLI 3* diam on BS ,3666023067955,1,38.57,350.0,510.0
7194,Boucles d'oreilles,PILLI 3* diam on GS ,3666023067962,2,38.57,350.0,510.0
7195,Boucles d'oreilles,CROSS T* Turquoise ,3666023067979,1,29.75,240.0,350.0
7196,Boucles d'oreilles,CROSS D* diam on BS ,3666023067986,2,33.28,270.0,390.0
7197,Boucles d'oreilles,LAKE D* Argent doré or fin ,3666023067993,1,111.73,880.0,1270.0
7198,Boucles d'oreilles,LAKE T* Argent doré or fin ,3666023068006,1,103.63,810.0,1170.0
7199,Collier,Mini pho X* diam on BS ,3666023068013,2,22.61,200.0,290.0
7200,Collier,Mini pho eye* diam on BS ,3666023068020,1,22.93,200.0,290.0
7201,Collier,Mini pho X* T Turquoise ,3666023068037,1,22.61,200.0,290.0
7202,Collier,ARNO small GS* Argent doré or fin ,3666023068044,1,28.16,230.0,330.0
7203,Collier,ARNO small BS* Argent doré or fin ,3666023068051,1,28.76,230.0,330.0
7204,Collier,ARNO Large GS* Argent doré or fin ,3666023068068,2,61.1,495.0,720.0
7205,Collier,ARNO Large BS* Argent doré or fin ,3666023068075,1,60.19,495.0,720.0
7212,Bague,MARILOU black* diam on BS 51,3666023068143,1,58.56,510.0,740.0
7213,Bague,MARILOU black* diam on BS 53,3666023068150,1,58.56,510.0,740.0
7214,Bague,MARILOU black* diam on BS 55,3666023068167,1,58.56,510.0,740.0
7215,Bague,MARILOU gold* diam on GS 51,3666023068174,1,58.56,510.0,740.0
7216,Bague,MARILOU gold* diam on GS 53,3666023068181,1,58.56,510.0,740.0
7217,Bague,MARILOU gold* diam on GS 55,3666023068198,1,58.56,510.0,740.0
7224,Bague,COME Black*  diam on BS 53,3666023068242,1,41.62,360.0,530.0
7225,Bague,COME Black*  diam on BS 55,3666023068259,1,41.62,360.0,530.0
7227,Collier,MINI LOVE* Argent Oxydé - Or 14k - Diamant ,3666023068273,1,305.54,2000.0,2890.0
7228,Collier,LOVE* Argent Oxydé - Or 14k - Diamant ,3666023068280,1,589.78,4130.0,5970.0
7229,Boucles d'oreilles,FINN EME* Or 14k - emerald ,3666023068297,2,138.21,1190.0,1720.0
7230,Boucles d'oreilles,FINN GARNET* Or 14k - garnet ,3666023068303,1,143.65,1110.0,1600.0
7243,Bague,AILE **  Argent Oxydé - Or 14k - Diamant 51,3666023068396,1,122.17,990.0,1420.0
7244,Bague,AILE **  Argent Oxydé - Or 14k - Diamant 53,3666023068402,1,122.17,990.0,1420.0
7245,Bague,AILE **  Argent Oxydé - Or 14k - Diamant 55,3666023068419,1,122.17,990.0,1420.0
7249,Collier,GARY* Argent Oxydé - Or 14k ,3666023068457,1,185.92,1200.0,1740.0
7250,Boucles d'oreilles,SUN* or 14K diamant ,3666023068464,2,32.87,270.0,390.0
7251,Collier,BLUES* Or 14k blue grey sapphire ,3666023068471,1,68.14,590.0,860.0
7261,Bague,BLONDIE * Or 14k - citrine 51,3666023068556,1,76.48,500.0,720.0
7262,Bague,BLONDIE * Or 14k - citrine 53,3666023068563,2,76.48,500.0,720.0
7263,Bague,BLONDIE * Or 14k - citrine 55,3666023068570,2,76.48,500.0,720.0
7265,Bague,VIVIAN **  Or 14k - emerald 51,3666023068587,1,146.81,850.0,1230.0
7270,Bague,VAL* Or 14k - emerald 53,3666023068624,1,83.81,690.0,990.0
7277,Boucles d'oreilles,TINA* Or 14k ,3666023068693,1,30.53,220.0,310.0
7278,Boucles d'oreilles,ANGELA 12 ** Or 14k ,3666023068709,2,78.55,570.0,820.0
7281,Creoles,Aya **  or 14K ,3666023068730,1,165.64,900.0,1310.0
7283,Collier,MOON* Or 14k - crystal  ,3666023068754,1,167.02,1200.0,1740.0
7288,Collier,DODDIE* neck Or 14k - pearl ,3666023068792,1,60.55,460.0,660.0
7289,Boucles d'oreilles,DODDIE* Earring Or 14k - pearl ,3666023068808,2,71.61,690.0,990.0
7298,Boucles d'oreilles,CINDY D.* Or 14k - Diamant ,3666023068891,1,36.22,260.0,370.0
7300,Boucles d'oreilles,CINDY E.* Or 14k - emerald ,3666023068914,1,34.33,260.0,370.0
7302,Bague,Aimi* Or 14k 51,3666023068921,1,51.17,280.0,410.0
7303,Bague,Aimi* Or 14k 53,3666023068938,1,51.17,280.0,410.0
7311,Collier,Benny black* Argent Oxydé - Or 14k ,3666023069003,2,97.13,800.0,1150.0
7315,Boucles d'oreilles,LESLIE* Argent Oxydé - Or 14k ,3666023069041,1,151.83,900.0,1310.0
7316,Collier,ARTIE* Argent Oxydé - Or 14k - Diamant ,3666023069058,1,70.25,490.0,700.0
7317,Boucles d'oreilles,ARTE* Argent Oxydé - Or 14k - Diamant ,3666023069065,1,61.52,620.0,900.0
7318,Collier,FELIX R.* Or 14k - rubis ,3666023069072,3,75.72,620.0,900.0
7319,Boucles d'oreilles,EMMY* Argent Oxydé - Or 14k ,3666023069089,1,129.15,880.0,1270.0
7324,Collier,HEARTY* Argent Oxydé - Or 14k ,3666023069133,1,173.39,1040.0,1500.0
7325,Collier,TOM* Argent Oxydé - Or 14k ,3666023069140,1,94.94,630.0,920.0
7330,Bague,GALY* Argent Oxydé - Or 14k 53,3666023069188,1,118.12,790.0,1140.0
7331,Bague,GALY* Argent Oxydé - Or 14k 55,3666023069195,1,118.12,790.0,1140.0
7334,Boucles d'oreilles,ISA black* Or 14k ,3666023069225,1,76.4,650.0,940.0
7335,Boucles d'oreilles,ISA white* Or 14k ,3666023069232,1,73.44,650.0,940.0
7338,Bague,BOBBIE* Argent Oxydé - Or 14k 53,3666023069256,1,67.4,470.0,680.0
7339,Bague,BOBBIE* Argent Oxydé - Or 14k 55,3666023069263,1,67.4,470.0,680.0
7341,Bague,EKI* Argent Oxydé - Or 14k 51,3666023069270,1,37.46,230.0,330.0
7342,Bague,EKI* Argent Oxydé - Or 14k 53,3666023069287,2,37.46,230.0,330.0
7343,Bague,EKI* Argent Oxydé - Or 14k 55,3666023069294,1,37.46,230.0,330.0
7346,Bague,HOCHU* Argent Oxydé - Or 14k - Diamant 53,3666023069317,1,84.72,620.0,900.0
7347,Bague,HOCHU* Argent Oxydé - Or 14k - Diamant 55,3666023069324,1,84.72,620.0,900.0
7351,Bague,HUBE **  Argent Oxydé - Or 14k 53,3666023069348,1,59.85,470.0,680.0
7352,Bague,HUBE **  Argent Oxydé - Or 14k 55,3666023069355,1,59.85,470.0,680.0
7358,Bague,ALEX black* Argent Oxydé - Or 14k - Diamant 51,3666023069416,1,71.02,650.0,940.0
7360,Bague,ALEX black* Argent Oxydé - Or 14k - Diamant 55,3666023069430,1,71.02,650.0,940.0
7369,Bracelet,KHANY **  Or 14k ,3666023069508,2,229.7,1890.0,2730.0
7370,Boucles d'oreilles,KHAN S **  Or 14k ,3666023069515,1,123.0,860.0,1250.0
7378,Bague,RAJA Black* diam on BS 51,3666023069577,2,26.81,220.0,310.0
7379,Bague,RAJA Black* diam on BS 53,3666023069584,2,26.81,220.0,310.0
7380,Bague,RAJA Black* diam on BS 55,3666023069591,1,26.81,220.0,310.0
7382,Bague,RAJA Gold* diam on GS 51,3666023069607,1,26.81,220.0,310.0
7383,Bague,RAJA Gold* diam on GS 53,3666023069614,2,26.81,220.0,310.0
7384,Bague,RAJA Gold* diam on GS 55,3666023069621,2,26.81,220.0,310.0
7386,Bague,NAEL D* diam on BS 51,3666023069638,1,30.57,260.0,370.0
7387,Bague,NAEL D* diam on BS 53,3666023069645,1,30.57,260.0,370.0
7388,Bague,NAEL D* diam on BS 55,3666023069652,1,30.57,260.0,370.0
7390,Bague,NAEL T.* turquoise 51,3666023069669,1,28.69,260.0,370.0
7391,Bague,NAEL T.* turquoise 53,3666023069676,2,28.69,260.0,370.0
7392,Bague,NAEL T.* turquoise 55,3666023069683,1,28.69,260.0,370.0
7394,Bague,Glen Black* diam on BS 51,3666023069690,1,47.5,390.0,570.0
7395,Bague,Glen Black* diam on BS 53,3666023069706,2,47.5,390.0,570.0
7396,Bague,Glen Black* diam on BS 55,3666023069713,1,47.5,390.0,570.0
7398,Bague,Glen Gold* diam on GS 51,3666023069720,1,52.03,390.0,570.0
7399,Bague,Glen Gold* diam on GS 53,3666023069737,1,52.03,390.0,570.0
7400,Bague,Glen Gold* diam on GS 55,3666023069744,2,52.03,390.0,570.0
7402,Bague,FOLK** D   Diamant 51,3666023069751,1,47.5,380.0,550.0
7403,Bague,FOLK** D   Diamant 53,3666023069768,1,47.5,380.0,550.0
7404,Bague,FOLK** D   Diamant 55,3666023069775,1,47.5,380.0,550.0
7406,Bague,FOLK T** Turquoise 51,3666023069782,1,43.98,350.0,510.0
7407,Bague,FOLK T** Turquoise 53,3666023069799,1,43.98,350.0,510.0
7412,Bague,BLUES* Or 14k - saphir 51,3666023069829,1,77.49,620.0,900.0
7413,Bague,BLUES* Or 14k - saphir 53,3666023069836,1,77.49,620.0,900.0
7414,Bague,BLUES* Or 14k - saphir 55,3666023069843,1,77.49,620.0,900.0
7415,Boucles d'oreilles,BLUES **  Or 14k - saphir ,3666023069850,1,108.07,890.0,1290.0
7416,Boucles d'oreilles,CELIA* Or 14k - aigue marine ,3666023069867,1,92.13,840.0,1210.0
7418,Boucles d'oreilles,JADE **  Emeraude ,3666023069881,1,106.0,900.0,1310.0
7419,Collier,JAGGER* Or 14k - emerald ,3666023069898,2,88.39,610.0,880.0
7422,Bague,FLORA BLUE* Or 14k - saphir 53,3666023069911,1,91.1,720.0,1030.0
7423,Bague,FLORA BLUE* Or 14k - saphir 55,3666023069928,2,91.1,720.0,1030.0
7426,Bracelet,BIBO* Argent Oxydé - Or 14k ,3666023069959,1,123.67,860.0,1250.0
7432,Boucles d'oreilles,SUNY XL* Or 14k - Diamant ,3666023070009,1,215.27,1390.0,2010.0
7490,Bague,LAINE* Diamant 51,3666023070580,1,53.96,450.0,640.0
7491,Bague,LAINE* Diamant 53,3666023070597,1,53.96,450.0,640.0
7492,Bague,LAINE* Diamant 55,3666023070603,1,53.96,450.0,640.0
7500,Boucles d'oreilles,DROP Argent doré or ,3666023070689,1,24.39,190.0,280.0
7503,Collier,MULTI CO Argent doré or ,3666023070719,1,45.39,380.0,550.0
7504,Boucles d'oreilles,BO MAXY TURQ Argent doré ,3666023070726,1,61.96,490.0,710.0
7535,Boucle d'oreille,TIMM R. (one)* Or 14k - rubis ,3666023071037,1,67.8,550.0,800.0
7536,Boucle d'oreille,TIMM D. (one)* Or 14k - Diamant ,3666023071044,1,70.99,580.0,840.0
7575,Boucles d'oreilles,CINDY BD.*  Or 14k - Diamant ,3666023071433,1,28.4,260.0,370.0
7599,Collier,ARYA  Argent doré or ,3666023071679,1,30.39,260.0,370.0
7600,Bague,GINA Argent doré or 51,3666023071686,1,54.59,450.0,640.0
7606,Boucles d'oreilles,NICO Argent doré or ,3666023071747,1,101.64,820.0,1190.0
7607,Collier,MATTEO Argent doré or ,3666023071754,2,79.74,695.0,990.0
7614,Bague,ELIA AQUA Or 14k - aigue marine 51,3666023071822,1,151.04,880.0,1270.0
7615,Bague,ELIA AQUA Or 14k - aigue marine 53,3666023071839,1,151.04,880.0,1270.0
7616,Bague,ELIA AQUA Or 14k - aigue marine 55,3666023071846,1,151.04,880.0,1270.0
7621,Collier,RIV 208 Or 14k ,3666023071891,1,308.7,2920.0,4210.0
7635,Collier,ASAN n°7 Argent Oxydé - Or 14k - Diamant ,3666023072034,1,352.34,2860.0,4130.0
7640,Bague,GWEN B. TOP  Topaze 51,3666023072089,1,29.84,260.0,370.0
7641,Bague,GWEN B. TOP  Topaze 53,3666023072096,1,29.84,260.0,370.0
7642,Bague,GWEN B. TOP  Topaze 55,3666023072102,1,29.84,260.0,370.0
7658,Boucles d'oreilles,217S Or 14k ,3666023072263,1,133.67,1270.0,1830.0
7770,Collier,FLOW Or 14k - Morganite ,3666023073314,1,468.93,3480.0,5030.0
7792,Bague,MILK n°1 T53  Or 14k - aigue marine ,3666023073536,1,264.36,2150.0,3100.0
7797,Bague,WATER 48 n°4 T50  Or 14k - Tourmaline ,3666023073581,1,219.82,1780.0,2570.0
7816,Boucles d'oreilles,FLASH Or 14k - Morganite ,3666023073772,1,423.33,2960.0,4270.0
7850,Bague,CORAY N°2 T56 Or 14k - corail ,3666023074106,1,280.55,2270.0,3280.0
7884,Collier,MATTIA Or 14k - Diamant ,3666023074441,1,193.05,1260.0,1810.0
7889,Collier,RIV 74 Y labra link  Or 14k - Y. Labra ,3666023074496,1,249.19,2240.0,3240.0
7891,Collier,CAMEE 60 N°1 Or 14k ,3666023074519,1,184.46,1500.0,2160.0
7906,Bague,MAURO Or 14k - Diamant 51,3666023074663,1,224.81,1820.0,2630.0
7907,Bague,MAURO Or 14k - Diamant 53,3666023074670,1,224.81,1820.0,2630.0
7908,Bague,MAURO Or 14k - Diamant 55,3666023074687,1,224.81,1820.0,2630.0
7942,Boucles d'oreilles,17 GM N°5 Or 14k ,3666023075028,1,421.86,3190.0,4610.0
7944,Bague,34 BOB N°4 T55 Argent Oxydé - Or 14k - Diamant ,3666023075042,1,304.63,2470.0,3570.0
7950,Boucles d'oreilles,18O N°2  Or 14k ,3666023075103,1,471.87,3440.0,4970.0
7998,Collier,BIANCA N°3 Or 14k ,3666023075561,1,233.08,1890.0,2730.0
8005,Boucles d'oreilles,43O n°1 Or 14k ,3666023075639,1,323.87,2360.0,3410.0
8022,Boucles d'oreilles,45O n°6 Or 14k ,3666023075806,1,157.69,1490.0,2150.0
8084,Collier,FISH N°1 L. Or 14k ,3666023076421,1,180.98,1190.0,1720.0
8085,Collier,FISH N°2 G. Or 14k ,3666023076438,1,108.09,740.0,1070.0
8106,Bague,BOB N T56 Or 14k ,3666023076629,1,313.92,2710.0,3920.0
8131,Collier,ABY* T. Topaze ,3666023076872,1,25.5,220.0,310.0
8151,Collier,CALI Argent doré or ,3666023077053,1,37.06,320.0,470.0
8155,Collier,SHAKE Argent doré or ,3666023077091,1,36.12,220.0,310.0
8172,Boucles d'oreilles,NOVA BROWN Or 14k - Diamant ,3666023077251,1,477.67,3480.0,5030.0
8173,Boucles d'oreilles,LIVIA Argent doré or ,3666023077268,1,56.48,510.0,740.0
8174,Boucles d'oreilles,RITA Or 14k - Diamant ,3666023077275,2,96.29,710.0,1030.0
8175,Collier,GRACE Or 14k - Diamant ,3666023077282,1,76.52,660.0,950.0
8176,Boucles d'oreilles,ROMY Or 14k - Diamant ,3666023077299,2,138.1,1120.0,1620.0
8177,Bague,GLORIA Or 14k - Diamant 51,3666023077305,1,142.72,830.0,1200.0
8178,Bague,GLORIA Or 14k - Diamant 53,3666023077312,2,142.72,830.0,1200.0
8179,Bague,GLORIA Or 14k - Diamant 55,3666023077329,2,142.72,830.0,1200.0
8188,Bracelet,VERDE Or 14k - Tourmaline ,3666023077404,1,262.59,1840.0,2660.0
8200,Collier,AURA S Or 14k - Diamant ,3666023077527,1,156.18,1160.0,1670.0
8201,Boucles d'oreilles,PAM Or 14k - Diamant ,3666023077534,1,80.94,620.0,890.0
8202,Boucles d'oreilles,ERA Or 14k - Diamant ,3666023077541,1,71.76,580.0,840.0
8229,Boucles d'oreilles,58J N°10 Or 14k ,3666023077817,1,192.74,1670.0,2410.0
8234,Boucles d'oreilles,CARINA N°1  Or 14k ,3666023077862,1,297.08,2170.0,3130.0
8244,Boucles d'oreilles,57J OD N°1 Or 14k ,3666023077961,1,191.43,1970.0,2840.0
8254,Collier,TIMI CIT. Or 14k - citrine ,3666023078067,2,142.82,880.0,1270.0
8256,Collier,GAIA T. Argent doré or ,3666023078081,1,57.58,490.0,710.0
8257,Collier,GAIA D. Argent doré or ,3666023078098,1,70.17,600.0,870.0
8258,Collier,AINA Argent doré or ,3666023078104,1,42.87,350.0,500.0
8268,Boucles d'oreilles,DINA N°12 Or 14k ,3666023078203,1,193.13,1640.0,2380.0
8323,Bague,OHAN 69 N°2 T57 Or 14k ,3666023078753,1,290.92,2240.0,3240.0
8327,Bague,RAYA 70 N°4 T58 Or 14k ,3666023078791,1,248.99,1820.0,2620.0
8359,Boucles d'oreilles,NADJA GOLD Or 14k - Diamant ,3666023079118,1,329.72,2440.0,3530.0
8363,Collier,RIV 131 MORGA Or 14k - Morganite ,3666023079156,1,244.71,2310.0,3340.0
8367,Collier,81 CAMEE L N°1 Or 14k ,3666023079194,1,243.49,1780.0,2570.0
8374,Collier,92 COIN N°5 Or 14k - Diamant ,3666023079262,1,252.05,2040.0,2950.0
8429,Bague,BOB 26 N°3 T54 Argent Oxydé - Or 14k - Diamant ,3666023079798,1,339.28,2750.0,3970.0
8432,Bague,BOB 26 N°6 T55  Argent Oxydé - Or 14k - Diamant ,3666023079828,1,353.77,2870.0,4140.0
8441,Collier,VICO N°3 Argent Oxydé - Or 14k - Diamant ,3666023079910,1,279.04,2260.0,3270.0
8456,Bague,CORDOUE 32 N°11 T56 Argent Oxydé - Or 14k - Diamant ,3666023080060,1,358.91,3010.0,4340.0
8474,Bague,INES 73 N°1 T53 Or 14k - Grandidierite ,3666023080244,1,261.57,2050.0,2960.0
8498,Bague,CAMEO T54 Or 14k ,3666023080480,1,228.68,1640.0,2370.0
8536,Boucles d'oreilles,ALBY PAIR Or 14k - aigue marine ,3666023080855,1,337.1,2640.0,3800.0
8549,Collier,NAO T. large Or 14k - Tourmaline ,3666023080985,2,90.45,680.0,980.0
8599,Bague,TORIN ronde OR 14k - Topaz 53,3666023081487,1,254.78,1960.0,2830.0
8600,Bague,TORIN ronde OR 14k - Topaz 55,3666023081494,1,254.78,1960.0,2830.0
8621,Collier,LANA  Argent doré or ,3666023081708,1,29.48,260.0,370.0
8654,Boucles d'oreilles,KAI SILVER Argent ,3666023081944,1,32.43,280.0,400.0
8660,Boucles d'oreilles,KAI GOLD Or 14k ,3666023082002,1,207.11,1440.0,2080.0
8662,Bague,ADELE Or 14k 53,3666023082026,1,243.94,1650.0,2380.0
8663,Bague,ADELE Or 14k 55,3666023082033,1,243.94,1650.0,2380.0
8675,Boucles d'oreilles,NADJA Silver Argent ,3666023082149,1,44.73,390.0,560.0
8677,Boucles d'oreilles,TILDE Or 14k ,3666023082163,1,376.58,2270.0,3280.0
8689,Collier,PALM OR 14k - Topaz ,3666023082279,1,335.95,2300.0,3320.0
8762,Bague,FLORA BLUE* Or 14k - saphir 49,3666023082965,1,91.1,720.0,1030.0
8766,Coffret ,Coffret gainé en édition limit Rouge Burgundy-Dark Red ,3666023083009,2,26.0,120.0,140.0
8767,Coffret ,Coffret gainé en édition limit Rouge Burgundy-Misty Rose ,3666023083016,2,26.0,120.0,140.0
8768,Coffret ,Coffret gainé en édition limit Violet-Plum ,3666023083023,1,26.0,120.0,140.0
8777,Boucles d'oreilles,YONI Or 14k - Diamant ,3666023083108,1,101.52,740.0,1060.0
8783,Bracelet,BOAT Argent doré or ,3666023083160,1,85.7,690.0,1010.0
8787,Collier,SNOW Or 14k - pearl ,3666023083207,1,208.92,1650.0,2380.0
8792,Collier,DAHLIA Or 14k - saphir ,3666023083252,2,132.1,965.0,1390.0
8793,Collier,OLIVE Or 14k - Apatite ,3666023083269,1,130.3,1080.0,1560.0
8810,Boucles d'oreilles,MINA Or 14k ,3666023083429,1,299.03,1770.0,2550.0
8822,Collier,NAVY Or 14k - Lapis ,3666023083542,1,172.48,1230.0,1780.0
8831,Boucles d'oreilles,PEPPER N°2 Or 14k - Diamant ,3666023083634,1,151.51,1230.0,1770.0
8834,Boucles d'oreilles,PEPPER N°5 Or 14k - Diamant ,3666023083665,1,151.51,1230.0,1770.0
8837,Collier,SAND 2 Or 14k - Diamant ,3666023083696,1,88.16,790.0,1130.0
8850,Bracelet,FIZZ DORE Argent doré or ,3666023083818,1,34.19,390.0,560.0
8852,Collier,SOFIA white Argent Oxydé - Or 14k ,3666023083832,1,121.7,1290.0,1860.0
8860,Bague,ANJO S. Argent 51,3666023083917,1,29.56,260.0,380.0
8861,Bague,ANJO S. Argent 53,3666023083924,1,29.56,260.0,380.0
8862,Bague,ANJO S. Argent 55,3666023083931,2,29.56,260.0,380.0
8871,Boucles d'oreilles,67J N°1 Or 14k - saphir ,3666023084020,1,111.13,900.0,1300.0
8907,Boucles d'oreilles,70S N°6 Or 14k ,3666023084389,1,143.78,1190.0,1720.0
8928,Boucles d'oreilles,73S N°11 Or 14k ,3666023084594,1,197.03,1600.0,2310.0
8936,Boucles d'oreilles,63S Or 14k ,3666023084679,1,147.09,1250.0,1810.0
8993,Coffret ,Old Yellow Bloom Box Bleu-Lavender ,3666023085249,1,100.0,440.0,780.0
9001,Boucles d'oreilles,LUMI white Argent Oxydé - Or 14k ,3666023085324,1,100.78,730.0,1050.0
9010,Collier,LEEBA Or 14k - Diamant ,3666023085416,1,75.0,650.0,940.0
9011,Boucles d'oreilles,HOPE Or 14k - Diamant ,3666023085423,1,174.78,1240.0,1790.0
9012,Collier,NAO cit small Or 14k - citrine ,3666023085430,1,57.93,470.0,680.0
9013,Collier,LOKKI black Argent doré à l'or fin - Or 14k ,3666023085447,2,61.36,490.0,710.0
9014,Collier,LOKKI white Argent doré à l'or fin - Or 14k ,3666023085454,1,60.83,490.0,710.0
9015,Emballage,Sac shopper Large Noir-Black ,3666023085461,9,0.0,0.0,0.0
9016,Collier,LYS Or 14k - Diamant ,3666023085478,1,307.05,1920.0,2770.0
9025,Collier,JUNE PINK Argent doré ,3666023085560,1,81.32,580.0,840.0
9028,Bague,AVNER D. Argent Oxydé - Or 14k 53,3666023085591,1,142.94,1070.0,1540.0
9029,Bague,AVNER D. Argent Oxydé - Or 14k 55,3666023085607,2,142.94,1070.0,1540.0
9034,Boucles d'oreilles,73J N°5 Or 14k - Tourmaline ,3666023085652,1,367.65,3470.0,5020.0
9069,Collier,LILLA Argent doré ,3666023085997,1,58.38,480.0,690.0
9071,Collier,BEE pdl Argent doré ,3666023086017,1,51.6,380.0,550.0
9079,Bracelet,PIPA ROSE Argent doré ,3666023086086,1,9.09,120.0,180.0
9098,Bague,ROME Or 14k 53,3666023086277,1,262.09,1690.0,2440.0
9099,Bague,ROME Or 14k 55,3666023086284,1,262.09,1690.0,2440.0
9131,Boucles d'oreilles,PLAY FLOWER Argent doré ,3666023086604,1,51.58,420.0,600.0
9132,Boucles d'oreilles,FIFI Argent doré ,3666023086611,1,67.16,550.0,790.0
9133,Boucles d'oreilles,PLAY R. Argent doré ,3666023086628,1,48.38,420.0,600.0
9136,Bracelet,DAISY  Or 14k - Diamant ,3666023086659,1,436.01,3060.0,4420.0
9164,Bague,WATER 57J T54 N°1 Or 14k - Tourmaline ,3666023086901,1,332.57,2690.0,3890.0
9168,Bague,WATER 57J T54 N°5 Or 14k - Tourmaline ,3666023086949,1,332.57,2690.0,3890.0
9182,Bague,ZIRCA T55 N°1 Or 14k - zircon ,3666023087083,1,197.07,1760.0,2540.0
9186,Bague,AVNER Green  Argent Oxydé - Or 14k 53,3666023087120,1,137.71,990.0,1430.0
9191,Boucles d'oreilles,LUMI Green Argent doré - Or 14k ,3666023087175,2,73.84,500.0,720.0
9192,Boucles d'oreilles,LUMI Violet Argent Oxydé - Or 14k ,3666023087182,1,74.0,500.0,720.0
9197,Collier,FLAVIE  Argent doré ,3666023087236,1,26.59,220.0,310.0
9200,Collier,JUNE BLUE Argent doré ,3666023087267,1,81.93,580.0,840.0
9201,Collier,SOFIA Green Argent Oxydé - Or 14k ,3666023087274,1,77.05,750.0,1080.0
9202,Collier,SOFIA Violet Argent Oxydé - Or 14k ,3666023087281,1,77.42,750.0,1080.0
9210,Boucles d'oreilles,BYE Pdl Argent doré ,3666023087366,2,36.02,290.0,430.0
9214,Sautoir,ARLO  Argent Oxydé - Or 14k ,3666023087403,1,87.01,510.0,730.0
9219,Collier,DUDLEY  Or 14k - pearl ,3666023087458,1,95.73,620.0,890.0
9220,Boucles d'oreilles,DUDD Or 14k - pearl ,3666023087465,1,129.46,760.0,1100.0
9221,Bague,TODD Or 14k - pearl 51,3666023087472,1,130.96,835.0,1300.0
9222,Bague,TODD Or 14k - pearl 53,3666023087489,1,130.96,835.0,1300.0
9234,Boucles d'oreilles,24F n°2 Or 14k ,3666023087595,1,337.02,2220.0,3950.0
9258,Emballage,BOITE PAD BAGUE  black gold-black gold ,3666023087830,9,0.0,0.0,0.0
9259,Emballage,BOITE PAD BO black gold-black gold ,3666023087847,10,0.0,0.0,0.0
9260,Emballage,BOITE PAD L black gold-black gold ,3666023087854,9,0.0,0.0,0.0
9286,Collier,RICE Necklace Argent Oxydé - Or 14k - Diamant ,3666023088103,1,215.33,1550.0,2230.0
9291,Collier,G. WAL 147 N°4 Or 14k - Tourmaline ,3666023088158,1,216.68,1780.0,2580.0
9305,Boucles d'oreilles,170M n°2 Or 14k ,3666023088295,1,114.07,1260.0,1830.0
9314,Boucles d'oreilles,CHANDER 161 N°1 Or 14k ,3666023088387,1,260.64,2110.0,3050.0
9364,Bague,WATER 154 N°2 T53  Or 14k - Tourmaline ,3666023088875,1,317.71,2580.0,3720.0
9365,Bague,WATER 154 N°3 T53 Or 14k - Tourmaline ,3666023088882,1,317.71,2580.0,3720.0
9395,Bague,PUNCH T54 Or 14k - saphir ,3666023089186,1,392.37,3180.0,4590.0
9401,Bague,DILA 42 T54 Argent Oxydé - Or 14k - Diamant ,3666023089247,1,323.95,2620.0,3790.0
9402,Bague,CORDOUE 43 T55 Argent Oxydé - Or 14k - Diamant ,3666023089254,1,345.23,2590.0,4040.0
9403,Bague,CORDOUE 43 T57 Argent Oxydé - Or 14k - Diamant ,3666023089261,1,345.23,2590.0,4040.0
9418,Bague,GIN T55 Or 14k - quartz ,3666023089414,1,285.3,1880.0,3340.0
9426,Bague,WATER 112 T56 N°1 Or 14k - Tourmaline ,3666023089490,1,417.22,3270.0,4720.0
9442,Boucles d'oreilles,131A N°14 Or 14k ,3666023089650,1,96.7,1310.0,1890.0
9464,Collier,QUARTZY N°3 Or 14k - quartz ,3666023089872,1,252.1,2045.0,2950.0
9468,Collier,LIMI N°2 Or 14k ,3666023089919,1,365.18,3120.0,4840.0
9494,Boucles d'oreilles,MOMO PAIR Or 14k ,3666023090175,1,191.76,1400.0,2180.0
9503,Boucles d'oreilles,ELY PAIR Or 14k - aigue marine ,3666023090267,1,181.92,1190.0,1830.0
9519,Emballage,Festive Pouch Multi-Multi ,3666023090427,-41,0.0,0.0,0.0
9520,Emballage,BOITE PAD BRACELET black gold-black gold ,3666023090434,10,0.0,0.0,0.0
9525,Bracelet,HARON Argent doré ,3666023090489,1,35.72,295.0,420.0
9537,Bracelet,SILVIO  Argent doré ,3666023090601,1,28.31,230.0,330.0
9538,Collier,MILTON Argent doré ,3666023090618,1,72.97,595.0,850.0
9544,Bracelet,ABEL WOMEN Argent ,3666023090670,1,17.25,155.0,220.0
9545,Bracelet,ABEL MEN Argent ,3666023090687,1,19.01,170.0,240.0
9546,Bracelet,BILLY WOMEN Argent ,3666023090694,1,24.11,270.0,390.0
9547,Bracelet,BILLY MEN Argent ,3666023090700,1,26.44,310.0,450.0
9549,Bracelet,ARTUSI S Gold Argent doré ,3666023090724,1,46.04,315.0,490.0
9550,Bracelet,ARTUSI S Black Argent doré ,3666023090731,1,45.78,315.0,490.0
9551,Bracelet,ARTUSI L Gold Argent doré ,3666023090748,1,75.62,570.0,890.0
9552,Bracelet,ARTUSI L Black Argent doré ,3666023090755,2,73.84,570.0,890.0
9557,Bague,ROME Or 14k 50,3666023090809,1,262.09,1690.0,2440.0
9561,Bracelet,PHILOE men Argent doré ,3666023090847,1,30.89,255.0,360.0
9565,Collier,EMA MULTI* Or 14k - Diamant ,3666023090885,1,91.6,520.0,810.0
9573,Bague,EMA MULTI* Or 14k - Diamant 51,3666023090960,1,100.42,565.0,880.0
9574,Bague,EMA MULTI* Or 14k - Diamant 53,3666023090977,1,100.42,565.0,880.0
9575,Bague,EMA MULTI* Or 14k - Diamant 55,3666023090984,1,100.42,565.0,880.0
9579,Boucles d'oreilles,EMA MULTI pair* Or 14k ,3666023091028,2,196.88,1110.0,1730.0
9607,Bague,BONIE MORGA Or 14k - Morganite 47,3666023091301,1,127.56,680.0,980.0
9620,Boucles d'oreilles,PEONY D.* Or 14k - Diamant ,3666023091394,1,690.35,3680.0,5660.0
9621,Boucles d'oreilles,DOROTHY Or 14k - Diamant ,3666023091400,1,73.24,595.0,860.0
9622,Bague,RAVI OR* Argent Oxydé - Or 14k - Diamant 51,3666023091417,1,282.67,1630.0,2540.0
9623,Bague,RAVI OR* Argent Oxydé - Or 14k - Diamant 53,3666023091424,1,282.67,1630.0,2540.0
9624,Bague,RAVI OR* Argent Oxydé - Or 14k - Diamant 55,3666023091431,1,282.67,1630.0,2540.0
9632,Collier,JULIAN Blue** Or 14k - aigue marine ,3666023091516,1,278.3,1985.0,3100.0
9633,Boucle d'oreille,KEITH Blue ** Or 14k ,3666023091523,1,123.49,790.0,1230.0
9634,Boucle d'oreille,KEITH pink** Or 14k ,3666023091530,1,114.03,790.0,1230.0
9635,Boucles d'oreilles,PAOLA T.* Or 14k - Tourmaline ,3666023091547,1,261.65,1625.0,2540.0
9636,Bague,VIVIA Or 14k - emerald 51,3666023091554,1,146.81,885.0,1380.0
9638,Bague,VIVIA Or 14k - emerald 55,3666023091578,1,146.81,885.0,1380.0
9646,Bague,BONIE MORGA* Or 14k - Morganite 51,3666023091653,1,127.56,705.0,1100.0
9647,Bague,BONIE MORGA* Or 14k - Morganite 53,3666023091660,1,127.56,705.0,1100.0
9648,Bague,BONIE MORGA* Or 14k - Morganite 55,3666023091677,2,127.56,705.0,1100.0
9662,Bague,BONIE PINK* Or 14k - garnet 51,3666023091813,1,130.84,720.0,1120.0
9663,Bague,BONIE PINK* Or 14k - garnet 53,3666023091820,1,130.84,720.0,1120.0
9664,Bague,BONIE PINK* Or 14k - garnet 55,3666023091837,1,130.84,720.0,1120.0
9670,Bague,BONIE BRUN* Or 14k - garnet 51,3666023091899,1,126.64,720.0,1120.0
9671,Bague,BONIE BRUN* Or 14k - garnet 53,3666023091905,1,126.64,720.0,1120.0
9672,Bague,BONIE BRUN* Or 14k - garnet 55,3666023091912,1,126.64,720.0,1120.0
9681,Collier,IRIS* Or 14k - Morganite ,3666023092001,1,163.19,980.0,1530.0
9682,Boucles d'oreilles,SAGE* Or 14k - Morganite ,3666023092018,1,302.64,1820.0,2840.0
9686,Boucle d'oreille,KEITH WHITE** Or 14k ,3666023092032,1,172.3,880.0,1380.0
9687,Boucles d'oreilles,JOSIE white** Or 14k ,3666023092049,1,115.83,720.0,1130.0
9688,Boucles d'oreilles,JOSIE black** Or 14k ,3666023092056,1,89.38,720.0,1130.0
9689,Boucle d'oreille,LOLA (ONE) T.* Or 14k ,3666023092063,2,54.78,390.0,600.0
9690,Boucle d'oreille,LOLA (ONE) D.* Or 14k ,3666023092070,1,67.07,390.0,600.0
9691,Bague,FLORA MORGA* Or 14k - Morganite 51,3666023092087,1,132.47,635.0,990.0
9692,Bague,FLORA MORGA* Or 14k - Morganite 53,3666023092094,1,132.47,635.0,990.0
9693,Bague,FLORA MORGA* Or 14k - Morganite 55,3666023092100,1,132.47,635.0,990.0
9697,Bracelet,CURTIS** Argent Oxydé - Or 14k ,3666023092148,1,115.01,690.0,1080.0
9698,Collier,HANDIE** Or 14k - citrine ,3666023092155,1,115.89,715.0,1120.0
9699,Bracelet,FLORA MORGA* Or 14k - Morganite ,3666023092162,1,391.02,2620.0,4040.0
9700,Bague,BONIE Perle** Or 14k - pearl 51,3666023092179,1,99.66,650.0,1010.0
9701,Bague,BONIE Perle** Or 14k - pearl 53,3666023092186,1,99.66,650.0,1010.0
9702,Bague,BONIE Perle** Or 14k - pearl 55,3666023092193,1,99.66,650.0,1010.0
9710,Collier,MINI MOON* Or 14k - crystal  ,3666023092278,1,216.36,1300.0,2020.0
9711,Boucle d'oreille,MOONY (one)* Or 14k - crystal  ,3666023092285,1,195.69,1220.0,1910.0
9712,Bague,Nine Sun ** Or 14k - Diamant 51,3666023092292,2,123.06,650.0,1010.0
9713,Bague,Nine Sun ** Or 14k - Diamant 53,3666023092308,2,123.06,650.0,1010.0
9714,Bague,Nine Sun ** Or 14k - Diamant 55,3666023092315,1,123.06,650.0,1010.0
9723,Boucles d'oreilles,NORMAN Or 14k ,3666023092407,1,325.83,1725.0,2690.0
9724,Collier,ROSIE* Or 14k - rubis ,3666023092414,1,141.58,880.0,1370.0
9725,Boucles d'oreilles,ISAO* Or 14k - saphir ,3666023092421,1,212.73,1310.0,2040.0
9726,Boucles d'oreilles,IKA* Or 14k - saphir ,3666023092438,1,166.1,920.0,1430.0
9727,Collier,MITCH Perle** Or 14k ,3666023092445,1,156.92,825.0,1290.0
9728,Boucles d'oreilles,KIWA** or 14K ,3666023092452,1,65.64,415.0,640.0
9729,Collier,COEUR Perle** Or 14k - pearl ,3666023092469,1,207.78,1250.0,1950.0
9730,Boucles d'oreilles,ANGELINA Or 14k ,3666023092476,1,214.63,1500.0,2340.0
9731,Boucles d'oreilles,SUNY** or 14K diamant ,3666023092483,1,89.51,550.0,860.0
9737,Boucles d'oreilles,KHANO L **  Or 14k ,3666023092544,2,507.97,2135.0,3960.0
9738,Bague,BONIE Green.** Or 14k - emerald 51,3666023092551,1,91.31,760.0,1180.0
9739,Bague,BONIE Green.** Or 14k - emerald 53,3666023092568,1,91.31,760.0,1180.0
9740,Bague,BONIE Green.** Or 14k - emerald 55,3666023092575,1,91.31,760.0,1180.0
